pizza_index,raw_menus,time_stamps,menus_clean,garnish,title
0,"Roma tomatoes with red onions, Bulgarian feta , mozzarella cheeses, lemon juice , lemon zest, garlic olive oil , fresh cilantro.",2010-11-23 19:56:08,"roma tomatoes with red onions, bulgarian feta , mozzarella cheeses, lemon juice , lemon zest, garlic olive oil , fresh cilantro.",,
2,"Roma tomatoes, Red onions, Bulgarian feta, Mozzarella, Lemon zest , juice, Cilantro, Garlic olive oil.",2011-07-18 16:23:54,"roma tomatoes, red onions, bulgarian feta, mozzarella, lemon zest , juice, cilantro, garlic olive oil.",,
4,"Red bell peppers, Onions, Mozzarella, Montalban cheese, Kalamata olives, Garlic olive oil, Italian parsley.",2011-07-28 06:58:19,"red bell peppers, onions, mozzarella, montalban cheese, kalamata olives, garlic olive oil, italian parsley.",,
6,"Red bell peppers, Onions, French feta, Mozzarella, Tapenade.",2011-09-03 05:12:28,"red bell peppers, onions, french feta, mozzarella, tapenade.",,
8,"Gypsy pepper, Onions, French goat cheese, Mozzarella, Fresh herbs, Garlic olive oil.",2011-09-25 07:08:39,"gypsy pepper, onions, french goat cheese, mozzarella, fresh herbs, garlic olive oil.",,
10,"Red bell peppers, Onions, French feta, Mozzarella, Tapenade, Garlic olive oil. ",2011-10-07 00:37:58,"red bell peppers, onions, french feta, mozzarella, tapenade, garlic olive oil. ",,
12,"Red bell peppers, Onions, French feta, Mozzarella, Tapenade, Garlic olive oil. ",2011-10-10 05:10:22,"red bell peppers, onions, french feta, mozzarella, tapenade, garlic olive oil. ",,
14,"Fresh Asiago, Danish Blue, Mozzarella, Parmesan cheese, Red, Yellow , Green Onions, Fresh herbs.",2011-10-26 15:16:17,"fresh asiago, danish blue, mozzarella, parmesan cheese, red, yellow , green onions, fresh herbs.",,
16,"Broccolini, Red onions, Cheddar cheese, Mozzarella, Gremolata, Garlic olive oil. ",2011-11-14 04:44:20,"broccolini, red onions, cheddar cheese, mozzarella, gremolata, garlic olive oil. ",,
18,"4 cheeses (Fresh asiago, Danish blue, Mozzarella, Parmesan), 3 Onions (Red, Yellow , Green), Basil, Garlic olive oil. ",2011-12-07 06:16:17,"4 cheeses (fresh asiago, danish blue, mozzarella, parmesan), 3 onions (red, yellow , green), basil, garlic olive oil. ",,
24,"Roasted Potatoes, Roasted Onions, Gruyere, Mozzarella, Fresh herbs, Garlic olive oil. ",2012-02-08 11:46:03,"roasted potatoes, roasted onions, gruyere, mozzarella, fresh herbs, garlic olive oil. ",,
26,"Crimini mushroom, Onions, French goat cheese, Mozzarella, Fresh herbs, Garlic olive oil.",2012-03-09 12:14:38,"crimini mushroom, onions, french goat cheese, mozzarella, fresh herbs, garlic olive oil.",,
28,"Roma tomatoes, Red onions, Parmesan cheese, Mozzarella, Toasted garlic, Fresh herbs, Garlic olive oil. ",2012-04-09 16:45:45,"roma tomatoes, red onions, parmesan cheese, mozzarella, toasted garlic, fresh herbs, garlic olive oil. ",,
34,"Broccoli, Red bell pepper, Fontina cheese, Mozzarella, Italian Parsley, Garlic olive oil.",2012-06-16 19:02:42,"broccoli, red bell pepper, fontina cheese, mozzarella, italian parsley, garlic olive oil.",,
36,"Zucchini, Onions, French feta cheese, Mozzarella, Basil Pesto (PINE NUTS). ",2012-09-20 01:55:11,"zucchini, onions, french feta cheese, mozzarella, basil pesto (pine nuts). ",,
37, ,2012-09-20 01:55:11, ,,
38,"Roma tomatoes, onions, toasted garlic, mozzarella , parmesan cheese, garlic oil, fresh herbs.",2013-01-16 00:09:19,"roma tomatoes, onions, toasted garlic, mozzarella , parmesan cheese, garlic oil, fresh herbs.",,
40,"Brown mushrooms, onions, mozzarella , French goat cheese, garlic olive oil, Italian Parsley.",2013-02-08 21:35:45,"brown mushrooms, onions, mozzarella , french goat cheese, garlic olive oil, italian parsley.",,
42,"Zucchini, onions, mozzarella , French feta cheese, garlic olive oil, lemon zest, Italian parsley.",2013-03-06 02:10:49,"zucchini, onions, mozzarella , french feta cheese, garlic olive oil, lemon zest, italian parsley.",,
44,"Zucchini, onions, mozzarella , French feta cheese, garlic olive oil, lemon zest, Italian parsley.",2013-03-08 20:53:15,"zucchini, onions, mozzarella , french feta cheese, garlic olive oil, lemon zest, italian parsley.",,
46,"Broccolini, mozzarella , cheddar cheese, lemon zest, Italian parsley.",2013-04-04 18:09:48,"broccolini, mozzarella , cheddar cheese, lemon zest, italian parsley.",,
48,"Roma tomatoes, fresh California corn, mozzarella , parmesan cheese, garlic olive oil, Italian parsley.",2013-04-23 14:10:22,"roma tomatoes, fresh california corn, mozzarella , parmesan cheese, garlic olive oil, italian parsley.",,
52,"Cremini mushrooms, onions, mozzarella , French goat cheese, garlic olive oil, fresh herbs.",2013-06-21 23:53:21,"cremini mushrooms, onions, mozzarella , french goat cheese, garlic olive oil, fresh herbs.",,
56,"Gypsy pepper, onions, green olives, mozzarella , feta cheese, garlic olive oil, Italian parsley.",2013-07-11 22:04:13,"gypsy pepper, onions, green olives, mozzarella , feta cheese, garlic olive oil, italian parsley.",,
58,"Roma tomatoes, onions, mozzarella, French goat cheese, garlic olive oil, Italian parsley.",2013-08-22 18:29:45,"roma tomatoes, onions, mozzarella, french goat cheese, garlic olive oil, italian parsley.",,
60,"Cremini Mushrooms, onions, mozzarella , French goat cheese, garlic olive oil, fresh herbs.",2013-10-31 03:41:26,"cremini mushrooms, onions, mozzarella , french goat cheese, garlic olive oil, fresh herbs.",,
62,"Roma tomatoes, onions, mozzarella , gouda cheese, garlic olive oil, fresh herbs.",2013-11-16 17:50:40,"roma tomatoes, onions, mozzarella , gouda cheese, garlic olive oil, fresh herbs.",,
64,"Roma tomatoes, onions, mozzarella , gouda cheese, garlic olive oil, fresh herbs.",2013-11-17 12:39:24,"roma tomatoes, onions, mozzarella , gouda cheese, garlic olive oil, fresh herbs.",,
66,"Cremini mushrooms, onions, mozzarella , French goat cheese, garlic olive oil, fresh herbs.",2013-11-19 22:51:26,"cremini mushrooms, onions, mozzarella , french goat cheese, garlic olive oil, fresh herbs.",,
68,"Cremini mushrooms, onions, mozzarella , French goat cheese, garlic olive oil, fresh herbs.",2013-11-20 18:01:33,"cremini mushrooms, onions, mozzarella , french goat cheese, garlic olive oil, fresh herbs.",,
70,"Cremini mushrooms, onions, mozzarella , French goat cheese, garlic olive oil, fresh herbs.",2013-11-21 21:03:55,"cremini mushrooms, onions, mozzarella , french goat cheese, garlic olive oil, fresh herbs.",,
72,"Cremini mushrooms, onions, mozzarella , French goat cheese, garlic olive oil, fresh herbs.",2013-11-22 16:39:07,"cremini mushrooms, onions, mozzarella , french goat cheese, garlic olive oil, fresh herbs.",,
74,"Cremini mushrooms, onions, mozzarella , French goat cheese, garlic olive oil, fresh herbs.",2013-11-23 17:56:05,"cremini mushrooms, onions, mozzarella , french goat cheese, garlic olive oil, fresh herbs.",,
76,"Cremini mushrooms, onions, mozzarella , French goat cheese, garlic olive oil, fresh herbs.",2013-11-24 17:39:41,"cremini mushrooms, onions, mozzarella , french goat cheese, garlic olive oil, fresh herbs.",,
78,"Roma tomatoes, onion, mozzarella , Asiago cheese, garlic olive oil, fresh herbs.",2013-11-25 20:21:53,"roma tomatoes, onion, mozzarella , asiago cheese, garlic olive oil, fresh herbs.",,
80,"Roma tomatoes, onion, mozzarella , Asiago cheese, garlic olive oil, fresh herbs.",2013-11-27 02:29:15,"roma tomatoes, onion, mozzarella , asiago cheese, garlic olive oil, fresh herbs.",,
82,"Roma tomatoes, onion, mozzarella , Asiago cheese, garlic olive oil, fresh herbs.",2013-11-28 04:51:44,"roma tomatoes, onion, mozzarella , asiago cheese, garlic olive oil, fresh herbs.",,
84,"Roma tomatoes, onion, mozzarella , Asiago cheese, garlic olive oil, fresh herbs.",2013-11-29 03:10:10,"roma tomatoes, onion, mozzarella , asiago cheese, garlic olive oil, fresh herbs.",,
86,"Roma tomatoes, onion, mozzarella , Asiago cheese, garlic olive oil, fresh herbs.",2013-11-30 04:42:36,"roma tomatoes, onion, mozzarella , asiago cheese, garlic olive oil, fresh herbs.",,
88,"Roma tomatoes, onion, mozzarella , Asiago cheese, garlic olive oil, fresh herbs.",2013-12-01 08:36:35,"roma tomatoes, onion, mozzarella , asiago cheese, garlic olive oil, fresh herbs.",,
90,"Roasted mushrooms, onions, mozzarella , montalban cheeses, topped with arugula in a lemon vinaigrette.",2013-12-04 08:30:54,"roasted mushrooms, onions, mozzarella , montalban cheeses, topped with arugula in a lemon vinaigrette.",,
92,"Roma tomatoes, onions, mozzarella , feta cheeses, lemon zest, lemon juice, garlic olive oil, cilantro.",2013-12-18 11:56:17,"roma tomatoes, onions, mozzarella , feta cheeses, lemon zest, lemon juice, garlic olive oil, cilantro.",,
94,"Roma tomatoes, onions, mozzarella , feta cheeses, lemon zest, lemon juice, garlic olive oil, cilantro.",2013-12-19 13:47:07,"roma tomatoes, onions, mozzarella , feta cheeses, lemon zest, lemon juice, garlic olive oil, cilantro.",,
96,"Roma tomatoes, onions, mozzarella , feta cheeses, lemon zest, lemon juice, garlic olive oil, cilantro.",2013-12-20 11:46:49,"roma tomatoes, onions, mozzarella , feta cheeses, lemon zest, lemon juice, garlic olive oil, cilantro.",,
99, ,2014-01-12 10:35:33, ,,
100, ,2014-01-20 13:15:10, ,,
102, ,2014-01-21 15:26:55, ,,
104, ,2014-01-22 08:23:09, ,,
106, ,2014-01-23 11:11:29, ,,
110,"Red bell pepper, red onion, mozzarella , Valbreso feta, parsley, lemon citronette",2014-06-25 05:57:22,"red bell pepper, red onion, mozzarella , valbreso feta, parsley, lemon citronette",,
112,"Red bell pepper, red onion, mozzarella , Valbreso feta cheese, Kalamata olive tapenade, garlic olive oil, parsley ",2014-09-22 08:44:17,"red bell pepper, red onion, mozzarella , valbreso feta cheese, kalamata olive tapenade, garlic olive oil, parsley ",,
114,"Zucchini, onion, mozzarella , Valbreso feta cheese, lemon juice, lemon zest, garlic olive oil, parsley",2014-09-27 06:45:59,"zucchini, onion, mozzarella , valbreso feta cheese, lemon juice, lemon zest, garlic olive oil, parsley",,
116,"Cremini mushroom, caramelized onion, baby spinach, toasted Pine nut, mozzarella , Danish Fontina cheese, garlic olive oil, parsley ",2014-10-10 16:16:48,"cremini mushroom, caramelized onion, baby spinach, toasted pine nut, mozzarella , danish fontina cheese, garlic olive oil, parsley ",,
118,"Red Bell pepper, onion, mozzarella , Valbreso feta cheese, Kalamata , green olive tapenade, garlic olive oil, parsley ",2014-10-18 06:21:12,"red bell pepper, onion, mozzarella , valbreso feta cheese, kalamata , green olive tapenade, garlic olive oil, parsley ",,
120,"Zucchini, onion, mozzarella , fresh Ricotta cheese, garlic olive oil, fresh parsley, lemon zest",2014-10-29 05:23:37,"zucchini, onion, mozzarella , fresh ricotta cheese, garlic olive oil, fresh parsley, lemon zest",,
122,"Zucchini, onion, mozzarella , fresh Ricotta cheese, garlic olive oil, fresh parsley, lemon zest",2014-10-30 09:15:18,"zucchini, onion, mozzarella , fresh ricotta cheese, garlic olive oil, fresh parsley, lemon zest",,
124,"Oyster , cremini mushroom, onion, mozzarella , French Presidenté goat cheese, garlic olive oil, parsley",2014-11-06 12:20:42,"oyster , cremini mushroom, onion, mozzarella , french presidenté goat cheese, garlic olive oil, parsley",,
128,"Crushed tomato, red onion, mozzarella , Parmesan cheese, Basil pine nut pesto ",2015-02-06 00:14:21,"crushed tomato, red onion, mozzarella , parmesan cheese, basil pine nut pesto ",,
129,"Crushed tomato, red onion, mozzarella , Parmesan cheese, Basil pine nut pesto ",2015-02-08 07:57:50,"crushed tomato, red onion, mozzarella , parmesan cheese, basil pine nut pesto ",,
130,"Red , green bell pepper, mozzarella , Valbreso feta chesse, Artichoke , cured olive tapenade, parsley",2015-02-17 03:17:55,"red , green bell pepper, mozzarella , valbreso feta chesse, artichoke , cured olive tapenade, parsley",,
131,"First of the season California Asparagus, mozzarella , 15 month aged Prima Donna Gouda, preserved lemon, garlic olive oil, parsley",2015-02-25 01:55:23,"first of the season california asparagus, mozzarella , 15 month aged prima donna gouda, preserved lemon, garlic olive oil, parsley",,
133,"Cremini mushroom, onion, mozzarella , Presidente French goat cheese, garlic olive oil, parsley ",2015-03-10 14:39:27,"cremini mushroom, onion, mozzarella , presidente french goat cheese, garlic olive oil, parsley ",,
134,"Cremini mushroom, onion, mozzarella , Presidente French goat cheese, garlic olive oil, parsley ",2015-03-14 23:23:53,"cremini mushroom, onion, mozzarella , presidente french goat cheese, garlic olive oil, parsley ",,
135,"Roma tomato, red onion, mozzarella , Bulgarian feta cheese, lemon juice, lemon zest, garlic olive oil, cilantro",2015-03-17 08:04:49,"roma tomato, red onion, mozzarella , bulgarian feta cheese, lemon juice, lemon zest, garlic olive oil, cilantro",,
137, ,2015-06-19 06:02:40, ,,
139, ,2015-08-10 17:36:32, ,,
141, ,2015-09-05 09:17:56, ,,
143, ,2015-09-07 02:13:48, ,,
145, ,2015-10-08 08:26:12, ,,
147, ,2015-10-26 06:37:58, ,,
149, ,2015-11-03 06:45:27, ,,
151, ,2015-11-10 06:45:27, ,,
153,Pizzeria Hours & Information,2015-11-19 00:22:05,pizzeria hours & information,,
155,Pizzeria Hours & Information,2015-11-27 16:55:22,pizzeria hours & information,,
157,Pizzeria Hours & Information,2016-02-03 04:33:03,pizzeria hours & information,,
159,Pizzeria Hours & Information,2016-03-07 23:20:18,pizzeria hours & information,,
161,Pizzeria Hours & Information,2016-03-11 20:26:46,pizzeria hours & information,,
163,Pizzeria Hours & Information,2016-03-14 13:55:33,pizzeria hours & information,,
165,Pizzeria Hours & Information,2016-03-21 03:03:33,pizzeria hours & information,,
167,Pizzeria Hours & Information,2016-03-30 06:09:51,pizzeria hours & information,,
169,Pizzeria Hours & Information,2016-04-01 19:53:02,pizzeria hours & information,,
170,CHEESE BOARD PIZZA IS HIRING! Click here,2016-04-06 12:30:44,cheese board pizza is hiring! click here,,
171,Pizzeria Hours & Information,2016-04-06 12:30:44,pizzeria hours & information,,
173, ,2016-04-13 19:51:50, ,,
175, ,2016-04-22 00:40:04, ,,
177, ,2016-04-26 18:48:04, ,,
179, ,2016-04-30 20:00:19, ,,
181, ,2016-05-06 12:11:10, ,,
183, ,2016-05-08 00:46:04, ,,
185, ,2016-05-15 23:45:54, ,,
187, ,2016-05-23 13:58:28, ,,
189, ,2016-06-01 01:31:16, ,,
191, ,2016-06-09 02:57:47, ,,
193, ,2016-06-17 02:33:45, ,,
195, ,2016-06-25 18:56:29, ,,
197, ,2016-07-03 02:29:11, ,,
199, ,2016-07-12 19:51:03, ,,
201, ,2016-07-14 04:42:35, ,,
203, ,2016-07-23 14:25:27, ,,
205, ,2016-07-25 02:35:34, ,,
207, ,2016-08-02 06:12:37, ,,
209, ,2016-08-11 15:58:24, ,,
211, ,2016-08-23 06:54:53, ,,
213, ,2016-09-07 09:07:12, ,,
215, ,2016-09-18 14:22:01, ,,
217, ,2016-09-23 18:02:26, ,,
219, ,2016-09-25 05:17:02, ,,
221, ,2016-10-16 10:33:55, ,,
223, ,2016-10-21 17:43:46, ,,
225, ,2016-10-26 04:48:40, ,,
227, ,2016-10-27 02:50:00, ,,
229, ,2016-11-19 04:42:50, ,,
231, ,2016-11-27 08:54:52, ,,
232,"Artichoke heart, baby spinach, mozzarella , Berkeley-made Belfiore fresh ricotta cheese; garnished with garlic olive oil, organic lemon zest , Italian parsley",2019-01-22 06:42:54,"artichoke heart, baby spinach, mozzarella , berkeley-made belfiore fresh ricotta cheese"," garnished with garlic olive oil, organic lemon zest , Italian parsley",
233,"Broccolini, caper, mozzarella , Berkeley-made Belfiore fresh ricotta cheese; garnished with garlic olive oil, organic lemon zest , Italian parsley",2019-01-22 06:42:54,"broccolini, caper, mozzarella , berkeley-made belfiore fresh ricotta cheese"," garnished with garlic olive oil, organic lemon zest , Italian parsley",
235,"Cremini mushroom, baby kale, mozzarella, toasted pine nut; garnished with Parmesan, garlic olive oil, parsley",2019-01-22 06:42:54,"cremini mushroom, baby kale, mozzarella, toasted pine nut"," garnished with Parmesan, garlic olive oil, parsley",
236,"Red bell pepper, spinach, red onion, mozzarella , feta cheese; garnished with kalamata , green olive tapenade, parsley  ",2019-01-22 06:42:54,"red bell pepper, spinach, red onion, mozzarella , feta cheese"," garnished with kalamata , green olive tapenade, parsley  ",
237,"Crimini mushroom, onion, mozzarella , Skyhill Farm goat cheese; garnished with garlic olive oil, Italian parsley , oregano",2019-01-22 06:42:54,"crimini mushroom, onion, mozzarella , skyhill farm goat cheese"," garnished with garlic olive oil, Italian parsley , oregano",
238,"Artichoke heart, baby spinach, mozzarella , Berkeley-made Belfiore fresh ricotta cheese; garnished with garlic olive oil, organic lemon zest , Italian parsley",2019-01-22 06:42:55,"artichoke heart, baby spinach, mozzarella , berkeley-made belfiore fresh ricotta cheese"," garnished with garlic olive oil, organic lemon zest , Italian parsley",
239,"Broccolini, caper, mozzarella , Berkeley-made Belfiore fresh ricotta cheese; garnished with garlic olive oil, organic lemon zest , Italian parsley",2019-01-22 06:42:55,"broccolini, caper, mozzarella , berkeley-made belfiore fresh ricotta cheese"," garnished with garlic olive oil, organic lemon zest , Italian parsley",
241,"Cremini mushroom, baby kale, mozzarella, toasted pine nut; garnished with Parmesan, garlic olive oil, parsley",2019-01-22 06:42:55,"cremini mushroom, baby kale, mozzarella, toasted pine nut"," garnished with Parmesan, garlic olive oil, parsley",
242,"Red bell pepper, spinach, red onion, mozzarella , feta cheese; garnished with kalamata , green olive tapenade, parsley  ",2019-01-22 06:42:55,"red bell pepper, spinach, red onion, mozzarella , feta cheese"," garnished with kalamata , green olive tapenade, parsley  ",
243,"Crimini mushroom, onion, mozzarella , Skyhill Farm goat cheese; garnished with garlic olive oil, Italian parsley , oregano",2019-01-22 06:42:55,"crimini mushroom, onion, mozzarella , skyhill farm goat cheese"," garnished with garlic olive oil, Italian parsley , oregano",
244,"Crimini mushroom, onion, mozzarella , Skyhill Farm goat cheese; garnished with garlic olive oil, Italian parsley , oregano",2019-01-27 14:25:56,"crimini mushroom, onion, mozzarella , skyhill farm goat cheese"," garnished with garlic olive oil, Italian parsley , oregano",
245,"Crimini mushroom, onion, mozzarella , Skyhill Farm goat cheese; garnished with garlic olive oil, Italian parsley , oregano",2019-01-27 14:25:57,"crimini mushroom, onion, mozzarella , skyhill farm goat cheese"," garnished with garlic olive oil, Italian parsley , oregano",
246,"Crimini mushroom, caramelized onion, baby spinach, mozzarella , fresh Asiago cheese, pine nut; garnished with garlic olive oil , Italian parsley",2019-03-07 15:17:24,"crimini mushroom, caramelized onion, baby spinach, mozzarella , fresh asiago cheese, pine nut"," garnished with garlic olive oil , Italian parsley",
247,"Asparagus, mozzarella , Ossau-Iraty cheese; garnished with baby arugula , sugar snap pea in a lemon-mint vinaigrette",2019-03-07 15:17:24,"asparagus, mozzarella , ossau-iraty cheese"," garnished with baby arugula , sugar snap pea in a lemon-mint vinaigrette",
248,"Crushed tomato, onion, mozzarella , Valbreso feta cheese; garnished with garlic olive oil, organic lemon zest , lemon juice, fresh cilantro",2019-03-07 15:17:24,"crushed tomato, onion, mozzarella , valbreso feta cheese"," garnished with garlic olive oil, organic lemon zest , lemon juice, fresh cilantro",
250,"Crimini mushroom, caramelized onion, baby spinach, mozzarella , fresh Asiago cheese, pine nut; garnished with garlic olive oil , Italian parsley",2019-03-07 15:17:25,"crimini mushroom, caramelized onion, baby spinach, mozzarella , fresh asiago cheese, pine nut"," garnished with garlic olive oil , Italian parsley",
251,"Asparagus, mozzarella , Ossau-Iraty cheese; garnished with baby arugula , sugar snap pea in a lemon-mint vinaigrette",2019-03-07 15:17:25,"asparagus, mozzarella , ossau-iraty cheese"," garnished with baby arugula , sugar snap pea in a lemon-mint vinaigrette",
252,"Crushed tomato, onion, mozzarella , Valbreso feta cheese; garnished with garlic olive oil, organic lemon zest , lemon juice, fresh cilantro",2019-03-07 15:17:25,"crushed tomato, onion, mozzarella , valbreso feta cheese"," garnished with garlic olive oil, organic lemon zest , lemon juice, fresh cilantro",
254,"Asparagus, mozzarella , Ossau-Iraty cheese; garnished with baby arugula , sugar snap pea in a lemon-mint vinaigrette",2019-03-08 15:29:50,"asparagus, mozzarella , ossau-iraty cheese"," garnished with baby arugula , sugar snap pea in a lemon-mint vinaigrette",
255,"Crushed tomato, onion, mozzarella , Valbreso feta cheese; garnished with garlic olive oil, organic lemon zest , lemon juice, fresh cilantro",2019-03-08 15:29:50,"crushed tomato, onion, mozzarella , valbreso feta cheese"," garnished with garlic olive oil, organic lemon zest , lemon juice, fresh cilantro",
257,"Asparagus, mozzarella , Ossau-Iraty cheese; garnished with baby arugula , sugar snap pea in a lemon-mint vinaigrette",2019-03-08 15:29:51,"asparagus, mozzarella , ossau-iraty cheese"," garnished with baby arugula , sugar snap pea in a lemon-mint vinaigrette",
258,"Crushed tomato, onion, mozzarella , Valbreso feta cheese; garnished with garlic olive oil, organic lemon zest , lemon juice, fresh cilantro",2019-03-08 15:29:51,"crushed tomato, onion, mozzarella , valbreso feta cheese"," garnished with garlic olive oil, organic lemon zest , lemon juice, fresh cilantro",
260,"Crushed tomato, onion, mozzarella , Valbreso feta cheese; garnished with garlic olive oil, organic lemon zest , lemon juice, fresh cilantro",2019-03-09 15:20:13,"crushed tomato, onion, mozzarella , valbreso feta cheese"," garnished with garlic olive oil, organic lemon zest , lemon juice, fresh cilantro",
262,"Crushed tomato, onion, mozzarella , Valbreso feta cheese; garnished with garlic olive oil, organic lemon zest , lemon juice, fresh cilantro",2019-03-09 15:20:14,"crushed tomato, onion, mozzarella , valbreso feta cheese"," garnished with garlic olive oil, organic lemon zest , lemon juice, fresh cilantro",
266,"Crimini mushroom, red onion, mozzarella cheese; garnished with truffle pecorino cheese , organic baby arugula in a lemon vinaigrette",2019-06-22 08:19:14,"crimini mushroom, red onion, mozzarella cheese"," garnished with truffle pecorino cheese , organic baby arugula in a lemon vinaigrette",
267,"Zucchini, red onion, mozzarella , Valbreso feta cheese; garnished with garlic olive oil, organic lemon zest , Italian parsley",2019-06-22 08:19:14,"zucchini, red onion, mozzarella , valbreso feta cheese"," garnished with garlic olive oil, organic lemon zest , Italian parsley",
268,"Crimini mushroom, red onion, mozzarella cheese; garnished with truffle pecorino cheese , organic baby arugula in a lemon vinaigrette",2019-06-22 08:19:23,"crimini mushroom, red onion, mozzarella cheese"," garnished with truffle pecorino cheese , organic baby arugula in a lemon vinaigrette",
269,"Zucchini, red onion, mozzarella , Valbreso feta cheese; garnished with garlic olive oil, organic lemon zest , Italian parsley",2019-06-22 08:19:23,"zucchini, red onion, mozzarella , valbreso feta cheese"," garnished with garlic olive oil, organic lemon zest , Italian parsley",
270,"Zucchini, red onion, mozzarella , Sky Hill Farms goat cheese; garnished with garlic olive oil, organic lemon zest , Italian parsley",2019-07-15 18:34:26,"zucchini, red onion, mozzarella , sky hill farms goat cheese"," garnished with garlic olive oil, organic lemon zest , Italian parsley",
271,"Red bell pepper, organic baby spinach, mozzarella , Valbreso feta cheese; garnished with house made olive tapenade ",2019-07-15 18:34:26,"red bell pepper, organic baby spinach, mozzarella , valbreso feta cheese", garnished with house made olive tapenade ,
272,"Crimini mushroom, green bell pepper, mozzarella , Valbreso feta cheese; garnished with garlic olive oil , Italian parsley",2019-07-15 18:34:26,"crimini mushroom, green bell pepper, mozzarella , valbreso feta cheese"," garnished with garlic olive oil , Italian parsley",
273,"Corn, onion, organic zucchini (Golden Rule Organics), Valbreso feta , mozzarella cheese; garnished with garlic olive oil, cilantro, fresh lime",2019-07-15 18:34:26,"corn, onion, organic zucchini (golden rule organics), valbreso feta , mozzarella cheese"," garnished with garlic olive oil, cilantro, fresh lime",
274,"Cherry tomato, onion, Valbreso feta , mozzarella cheese;  garnished with garlic olive oil, lemon juice, organic lemon zest, cilantro",2019-07-15 18:34:26,"cherry tomato, onion, valbreso feta , mozzarella cheese","  garnished with garlic olive oil, lemon juice, organic lemon zest, cilantro",
275,"Artichoke heart, organic baby spinach, mozzarella , Berkeley-made fresh ricotta cheese (Belfiore); garnished with garlic olive oil, organic lemon zest , Italian parsley",2019-07-15 18:34:26,"artichoke heart, organic baby spinach, mozzarella , berkeley-made fresh ricotta cheese (belfiore)"," garnished with garlic olive oil, organic lemon zest , Italian parsley",
282,"Roasted eggplant, house made tomato sauce, mozzarella cheese; garnished with garlic-parmesan-basil breadcrumbs",2019-07-25 00:54:57,"roasted eggplant, house made tomato sauce, mozzarella cheese", garnished with garlic-parmesan-basil breadcrumbs,
283,"Corn, pasilla pepper, red onion, Valbreso feta cheese, mozzarella cheese; garnished with garlic olive oil, cilantro, lime",2019-07-25 00:54:57,"corn, pasilla pepper, red onion, valbreso feta cheese, mozzarella cheese"," garnished with garlic olive oil, cilantro, lime",
284,"Heirloom tomato (Full Belly Farms), herbed ricotta cheese, mozzarella cheese; garnished with garlic olive oil , Italian parsley",2019-07-25 00:54:57,"heirloom tomato (full belly farms), herbed ricotta cheese, mozzarella cheese"," garnished with garlic olive oil , Italian parsley",
285,"Crimini mushroom, goat cheese (Sky Hill Farms), red onion, mozzarella cheese; garnished with garlic olive oil, oregano, Italian parsley",2019-07-25 00:54:57,"crimini mushroom, goat cheese (sky hill farms), red onion, mozzarella cheese"," garnished with garlic olive oil, oregano, Italian parsley",
286,"Green, yellow, red onion, mozzarella cheese, Asiago cheese; garnished with Dunbarton blue cheese, garlic olive oil, Italian parsley",2019-07-25 00:54:57,"green, yellow, red onion, mozzarella cheese, asiago cheese"," garnished with Dunbarton blue cheese, garlic olive oil, Italian parsley",
287,"Roasted eggplant, house made tomato sauce, mozzarella cheese; garnished with garlic-parmesan-basil breadcrumbs",2019-07-25 00:54:58,"roasted eggplant, house made tomato sauce, mozzarella cheese", garnished with garlic-parmesan-basil breadcrumbs,
288,"Corn, pasilla pepper, red onion, Valbreso feta cheese, mozzarella cheese; garnished with garlic olive oil, cilantro, lime",2019-07-25 00:54:58,"corn, pasilla pepper, red onion, valbreso feta cheese, mozzarella cheese"," garnished with garlic olive oil, cilantro, lime",
289,"Heirloom tomato (Full Belly Farms), herbed ricotta cheese, mozzarella cheese; garnished with garlic olive oil , Italian parsley",2019-07-25 00:54:58,"heirloom tomato (full belly farms), herbed ricotta cheese, mozzarella cheese"," garnished with garlic olive oil , Italian parsley",
290,"Crimini mushroom, goat cheese (Sky Hill Farms), red onion, mozzarella cheese; garnished with garlic olive oil, oregano, Italian parsley",2019-07-25 00:54:58,"crimini mushroom, goat cheese (sky hill farms), red onion, mozzarella cheese"," garnished with garlic olive oil, oregano, Italian parsley",
291,"Green, yellow, red onion, mozzarella cheese, Asiago cheese; garnished with Dunbarton blue cheese, garlic olive oil, Italian parsley",2019-07-25 00:54:58,"green, yellow, red onion, mozzarella cheese, asiago cheese"," garnished with Dunbarton blue cheese, garlic olive oil, Italian parsley",
292,"Heirloom tomato (Oya Organics), red onion, Berkeley-made fresh ricotta cheese (Belfiore), mozzarella cheese;  garnished with garlic olive oil , Italian parsley",2019-08-01 20:25:28,"heirloom tomato (oya organics), red onion, berkeley-made fresh ricotta cheese (belfiore), mozzarella cheese","  garnished with garlic olive oil , Italian parsley",
293,"Red , yellow bell pepper, Valbreso feta cheese, mozzarella cheese;  garnished with house made olive tapenade , Italian parsley",2019-08-01 20:25:28,"red , yellow bell pepper, valbreso feta cheese, mozzarella cheese","  garnished with house made olive tapenade , Italian parsley",
294,"Corn, zucchini, red onion, Valbreso feta cheese, mozzarella cheese;  garnished with garlic olive oil, cilantro, lime",2019-08-01 20:25:28,"corn, zucchini, red onion, valbreso feta cheese, mozzarella cheese","  garnished with garlic olive oil, cilantro, lime",
298,"Heirloom tomato (Oya Organics), red onion, Berkeley-made fresh ricotta cheese (Belfiore), mozzarella cheese;  garnished with garlic olive oil , Italian parsley",2019-08-01 20:25:29,"heirloom tomato (oya organics), red onion, berkeley-made fresh ricotta cheese (belfiore), mozzarella cheese","  garnished with garlic olive oil , Italian parsley",
299,"Red , yellow bell pepper, Valbreso feta cheese, mozzarella cheese;  garnished with house made olive tapenade , Italian parsley",2019-08-01 20:25:29,"red , yellow bell pepper, valbreso feta cheese, mozzarella cheese","  garnished with house made olive tapenade , Italian parsley",
300,"Corn, zucchini, red onion, Valbreso feta cheese, mozzarella cheese;  garnished with garlic olive oil, cilantro, lime",2019-08-01 20:25:29,"corn, zucchini, red onion, valbreso feta cheese, mozzarella cheese","  garnished with garlic olive oil, cilantro, lime",
304,"Heirloom tomato (Oya Organics), fennel, Asiago cheese, mozzarella cheese;  garnished with garlic olive oil , Italian parsley",2019-08-20 01:18:42,"heirloom tomato (oya organics), fennel, asiago cheese, mozzarella cheese","  garnished with garlic olive oil , Italian parsley",
305,"Mushroom, green bell pepper, Valbreso feta cheese, mozzarella cheese;  garnished with garlic olive oil , Italian parsley",2019-08-20 01:18:42,"mushroom, green bell pepper, valbreso feta cheese, mozzarella cheese","  garnished with garlic olive oil , Italian parsley",
306,"Organic peach (Peach Jamboree) , mozzarella cheese;  garnished with Dunbarton blue cheese , arugula dressed in lemon vinaigrette",2019-08-20 01:18:42,"organic peach (peach jamboree) , mozzarella cheese","  garnished with Dunbarton blue cheese , arugula dressed in lemon vinaigrette",
307,"Corn, red onion, zucchini, Valbreso feta cheese, mozzarella cheese; garnished with garlic olive oil, lime, cilantro",2019-08-20 01:18:42,"corn, red onion, zucchini, valbreso feta cheese, mozzarella cheese"," garnished with garlic olive oil, lime, cilantro",
308,"Organic Gypsy pepper (Oya Organics), red onion, Montalbano cheese, mozzarella cheese;  garnished with arugula dressed in sherry vinaigrette",2019-08-20 01:18:42,"organic gypsy pepper (oya organics), red onion, montalbano cheese, mozzarella cheese",  garnished with arugula dressed in sherry vinaigrette,
309,"Zucchini, Valbreso feta cheese, mozzarella cheese;  garnished with garlic olive oil , Italian parsley",2019-08-20 01:18:42,"zucchini, valbreso feta cheese, mozzarella cheese","  garnished with garlic olive oil , Italian parsley",
316,"Organic zucchini (Oya Organics), onion, Valbreso feta cheese, mozzarella cheese;  garnished with garlic olive oil, organic lemon zest, Italian parsley",2019-09-17 05:12:17,"organic zucchini (oya organics), onion, valbreso feta cheese, mozzarella cheese","  garnished with garlic olive oil, organic lemon zest, Italian parsley",
317,"Fresh tomato, onion, mozzarella cheese;  garnished with Ossau Iraty cheese, garlic olive oil, basil, Italian parsley",2019-09-17 05:12:17,"fresh tomato, onion, mozzarella cheese","  garnished with Ossau Iraty cheese, garlic olive oil, basil, Italian parsley",
318,"Fig , mozzarella cheese;  garnished with blue cheese , arugula dressed in lemon vinaigrette",2019-09-17 05:12:17,"fig , mozzarella cheese","  garnished with blue cheese , arugula dressed in lemon vinaigrette",
319,"Corn, red onion, Valbreso feta cheese, mozzarella cheese;  garnished with house made avocado sauce",2019-09-17 05:12:17,"corn, red onion, valbreso feta cheese, mozzarella cheese",  garnished with house made avocado sauce,
320,"Fresh tomato, onion, mozzarella cheese;  garnished with garlic olive oil , basil-parmesan",2019-09-17 05:12:17,"fresh tomato, onion, mozzarella cheese","  garnished with garlic olive oil , basil-parmesan",
321,"Crimini mushroom, onion , mozzarella cheese;  garnished with Moliterno truffle Pecorino cheese , arugula dressed in lemon vinaigrette",2019-09-17 05:12:17,"crimini mushroom, onion , mozzarella cheese","  garnished with Moliterno truffle Pecorino cheese , arugula dressed in lemon vinaigrette",
328,"Red , yellow bell pepper, onion, Valbreso feta cheese, mozzarella cheese;  garnished with house made olive tapenade , Italian parsley",2019-10-01 09:49:50,"red , yellow bell pepper, onion, valbreso feta cheese, mozzarella cheese","  garnished with house made olive tapenade , Italian parsley",
329,"Corn, onion, mozzarella cheese;  garnished with queso fresco cheese, house made tomatillo sauce, fresh cilantro",2019-10-01 09:49:50,"corn, onion, mozzarella cheese","  garnished with queso fresco cheese, house made tomatillo sauce, fresh cilantro",
330,"Organic Early Girl tomato (Oya Organics), onion, cheddar cheese, mozzarella cheese;  garnished with garlic olive oil, Italian parsley, oregano",2019-10-01 09:49:50,"organic early girl tomato (oya organics), onion, cheddar cheese, mozzarella cheese","  garnished with garlic olive oil, Italian parsley, oregano",
331,"Baby chard, baby kale, leeks, mozzarella cheese;  garnished with garlic olive oil, Montalban cheese, orange zest, lemon zest, Italian parsley",2019-10-01 09:49:50,"baby chard, baby kale, leeks, mozzarella cheese","  garnished with garlic olive oil, Montalban cheese, orange zest, lemon zest, Italian parsley",
332,"Crimini mushroom, baby spinach, caramelized onion, pine nut, Asiago cheese, mozzarella cheese; garnished with garlic olive oil , Italian parsley",2019-10-01 09:49:50,"crimini mushroom, baby spinach, caramelized onion, pine nut, asiago cheese, mozzarella cheese"," garnished with garlic olive oil , Italian parsley",
333,"Organic tomato (Oya Organics), onion, Fontina cheese, mozzarella cheese;  garnished with garlic olive oil, Italian parsley, oregano",2019-10-01 09:49:50,"organic tomato (oya organics), onion, fontina cheese, mozzarella cheese","  garnished with garlic olive oil, Italian parsley, oregano",
334,"Red , yellow bell pepper, onion, Valbreso feta cheese, mozzarella cheese;  garnished with house made olive tapenade , Italian parsley",2019-10-01 09:49:51,"red , yellow bell pepper, onion, valbreso feta cheese, mozzarella cheese","  garnished with house made olive tapenade , Italian parsley",
335,"Corn, onion, mozzarella cheese;  garnished with queso fresco cheese, house made tomatillo sauce, fresh cilantro",2019-10-01 09:49:51,"corn, onion, mozzarella cheese","  garnished with queso fresco cheese, house made tomatillo sauce, fresh cilantro",
336,"Organic Early Girl tomato (Oya Organics), onion, cheddar cheese, mozzarella cheese;  garnished with garlic olive oil, Italian parsley, oregano",2019-10-01 09:49:51,"organic early girl tomato (oya organics), onion, cheddar cheese, mozzarella cheese","  garnished with garlic olive oil, Italian parsley, oregano",
337,"Baby chard, baby kale, leeks, mozzarella cheese;  garnished with garlic olive oil, Montalban cheese, orange zest, lemon zest, Italian parsley",2019-10-01 09:49:51,"baby chard, baby kale, leeks, mozzarella cheese","  garnished with garlic olive oil, Montalban cheese, orange zest, lemon zest, Italian parsley",
338,"Crimini mushroom, baby spinach, caramelized onion, pine nut, Asiago cheese, mozzarella cheese; garnished with garlic olive oil , Italian parsley",2019-10-01 09:49:51,"crimini mushroom, baby spinach, caramelized onion, pine nut, asiago cheese, mozzarella cheese"," garnished with garlic olive oil , Italian parsley",
339,"Organic tomato (Oya Organics), onion, Fontina cheese, mozzarella cheese;  garnished with garlic olive oil, Italian parsley, oregano",2019-10-01 09:49:51,"organic tomato (oya organics), onion, fontina cheese, mozzarella cheese","  garnished with garlic olive oil, Italian parsley, oregano",
340,"Red , yellow bell pepper, onion, Valbreso feta cheese, mozzarella cheese;  garnished with house made olive tapenade , Italian parsley",2019-10-04 03:34:50,"red , yellow bell pepper, onion, valbreso feta cheese, mozzarella cheese","  garnished with house made olive tapenade , Italian parsley",
341,"Corn, onion, mozzarella cheese;  garnished with queso fresco cheese, house made tomatillo sauce, fresh cilantro",2019-10-04 03:34:50,"corn, onion, mozzarella cheese","  garnished with queso fresco cheese, house made tomatillo sauce, fresh cilantro",
342,"Organic Early Girl tomato (Oya Organics), onion, cheddar cheese, mozzarella cheese;  garnished with garlic olive oil, Italian parsley, oregano",2019-10-04 03:34:50,"organic early girl tomato (oya organics), onion, cheddar cheese, mozzarella cheese","  garnished with garlic olive oil, Italian parsley, oregano",
343,"Baby chard, baby kale, leeks, mozzarella cheese;  garnished with garlic olive oil, Montalban cheese, orange zest, lemon zest, Italian parsley",2019-10-04 03:34:50,"baby chard, baby kale, leeks, mozzarella cheese","  garnished with garlic olive oil, Montalban cheese, orange zest, lemon zest, Italian parsley",
344,"Crimini mushroom, baby spinach, caramelized onion, pine nut, Asiago cheese, mozzarella cheese; garnished with garlic olive oil , Italian parsley",2019-10-04 03:34:50,"crimini mushroom, baby spinach, caramelized onion, pine nut, asiago cheese, mozzarella cheese"," garnished with garlic olive oil , Italian parsley",
345,"Organic tomato (Oya Organics), onion, Fontina cheese, mozzarella cheese;  garnished with garlic olive oil, Italian parsley, oregano",2019-10-04 03:34:50,"organic tomato (oya organics), onion, fontina cheese, mozzarella cheese","  garnished with garlic olive oil, Italian parsley, oregano",
346,"Artichoke heart, baby spinach, Berkeley-made fresh ricotta cheese (Belfiore), mozzarella cheese;  garnished with garlic olive oil, organic lemon zest, Italian parsley",2019-11-11 17:32:48,"artichoke heart, baby spinach, berkeley-made fresh ricotta cheese (belfiore), mozzarella cheese","  garnished with garlic olive oil, organic lemon zest, Italian parsley",
347,"Red , yellow bell pepper, onion, Valbreso feta cheese, mozzarella cheese;  garnished with house made olive tapenade , Italian parsley",2019-11-11 17:32:48,"red , yellow bell pepper, onion, valbreso feta cheese, mozzarella cheese","  garnished with house made olive tapenade , Italian parsley",
348,"Tomato, onion, Gruyère cheese, mozzarella cheese;  garnished with garlic olive oil, oregano, Italian parsley",2019-11-11 17:32:48,"tomato, onion, gruyère cheese, mozzarella cheese","  garnished with garlic olive oil, oregano, Italian parsley",
349,"Roasted eggplant , mozzarella cheese; garnished with house made tzatziki sauce, fried spiced chickpea, mint, Italian parsley",2019-11-11 17:32:48,"roasted eggplant , mozzarella cheese"," garnished with house made tzatziki sauce, fried spiced chickpea, mint, Italian parsley",
350,"Cremini mushroom, caramelized onion, organic baby spinach, pine nut, fresh Asiago cheese, mozzarella cheese; garnished with garlic olive oil , Italian parsley",2019-11-11 17:32:48,"cremini mushroom, caramelized onion, organic baby spinach, pine nut, fresh asiago cheese, mozzarella cheese"," garnished with garlic olive oil , Italian parsley",
351,"Broccolini, onion, cheddar cheese, mozzarella cheese;  garnished with garlic olive oil, lemon zest, Italian parsley",2019-11-11 17:32:48,"broccolini, onion, cheddar cheese, mozzarella cheese","  garnished with garlic olive oil, lemon zest, Italian parsley",
352,"Artichoke heart, baby spinach, Berkeley-made fresh ricotta cheese (Belfiore), mozzarella cheese;  garnished with garlic olive oil, organic lemon zest, Italian parsley",2019-11-11 17:32:49,"artichoke heart, baby spinach, berkeley-made fresh ricotta cheese (belfiore), mozzarella cheese","  garnished with garlic olive oil, organic lemon zest, Italian parsley",
353,"Red , yellow bell pepper, onion, Valbreso feta cheese, mozzarella cheese;  garnished with house made olive tapenade , Italian parsley",2019-11-11 17:32:49,"red , yellow bell pepper, onion, valbreso feta cheese, mozzarella cheese","  garnished with house made olive tapenade , Italian parsley",
354,"Tomato, onion, Gruyère cheese, mozzarella cheese;  garnished with garlic olive oil, oregano, Italian parsley",2019-11-11 17:32:49,"tomato, onion, gruyère cheese, mozzarella cheese","  garnished with garlic olive oil, oregano, Italian parsley",
355,"Roasted eggplant , mozzarella cheese; garnished with house made tzatziki sauce, fried spiced chickpea, mint, Italian parsley",2019-11-11 17:32:49,"roasted eggplant , mozzarella cheese"," garnished with house made tzatziki sauce, fried spiced chickpea, mint, Italian parsley",
356,"Cremini mushroom, caramelized onion, organic baby spinach, pine nut, fresh Asiago cheese, mozzarella cheese; garnished with garlic olive oil , Italian parsley",2019-11-11 17:32:49,"cremini mushroom, caramelized onion, organic baby spinach, pine nut, fresh asiago cheese, mozzarella cheese"," garnished with garlic olive oil , Italian parsley",
357,"Broccolini, onion, cheddar cheese, mozzarella cheese;  garnished with garlic olive oil, lemon zest, Italian parsley",2019-11-11 17:32:49,"broccolini, onion, cheddar cheese, mozzarella cheese","  garnished with garlic olive oil, lemon zest, Italian parsley",
358,"Artichoke heart, baby spinach, Berkeley-made fresh ricotta cheese (Belfiore), mozzarella cheese;  garnished with garlic olive oil, organic lemon zest, Italian parsley",2019-11-12 18:50:14,"artichoke heart, baby spinach, berkeley-made fresh ricotta cheese (belfiore), mozzarella cheese","  garnished with garlic olive oil, organic lemon zest, Italian parsley",
359,"Red , yellow bell pepper, onion, Valbreso feta cheese, mozzarella cheese;  garnished with house made olive tapenade , Italian parsley",2019-11-12 18:50:14,"red , yellow bell pepper, onion, valbreso feta cheese, mozzarella cheese","  garnished with house made olive tapenade , Italian parsley",
360,"Tomato, onion, Gruyère cheese, mozzarella cheese;  garnished with garlic olive oil, oregano, Italian parsley",2019-11-12 18:50:14,"tomato, onion, gruyère cheese, mozzarella cheese","  garnished with garlic olive oil, oregano, Italian parsley",
361,"Roasted eggplant , mozzarella cheese; garnished with house made tzatziki sauce, fried spiced chickpea, mint, Italian parsley",2019-11-12 18:50:14,"roasted eggplant , mozzarella cheese"," garnished with house made tzatziki sauce, fried spiced chickpea, mint, Italian parsley",
362,"Cremini mushroom, caramelized onion, organic baby spinach, pine nut, fresh Asiago cheese, mozzarella cheese; garnished with garlic olive oil , Italian parsley",2019-11-12 18:50:14,"cremini mushroom, caramelized onion, organic baby spinach, pine nut, fresh asiago cheese, mozzarella cheese"," garnished with garlic olive oil , Italian parsley",
363,"Broccolini, onion, cheddar cheese, mozzarella cheese;  garnished with garlic olive oil, lemon zest, Italian parsley",2019-11-12 18:50:14,"broccolini, onion, cheddar cheese, mozzarella cheese","  garnished with garlic olive oil, lemon zest, Italian parsley",
370,"Artichoke heart, baby spinach, Berkeley-made fresh ricotta cheese (Belfiore), mozzarella cheese;  garnished with garlic olive oil, organic lemon zest, Italian parsley",2019-11-12 18:50:15,"artichoke heart, baby spinach, berkeley-made fresh ricotta cheese (belfiore), mozzarella cheese","  garnished with garlic olive oil, organic lemon zest, Italian parsley",
371,"Red , yellow bell pepper, onion, Valbreso feta cheese, mozzarella cheese;  garnished with house made olive tapenade , Italian parsley",2019-11-12 18:50:15,"red , yellow bell pepper, onion, valbreso feta cheese, mozzarella cheese","  garnished with house made olive tapenade , Italian parsley",
372,"Tomato, onion, Gruyère cheese, mozzarella cheese;  garnished with garlic olive oil, oregano, Italian parsley",2019-11-12 18:50:15,"tomato, onion, gruyère cheese, mozzarella cheese","  garnished with garlic olive oil, oregano, Italian parsley",
373,"Roasted eggplant , mozzarella cheese; garnished with house made tzatziki sauce, fried spiced chickpea, mint, Italian parsley",2019-11-12 18:50:15,"roasted eggplant , mozzarella cheese"," garnished with house made tzatziki sauce, fried spiced chickpea, mint, Italian parsley",
374,"Cremini mushroom, caramelized onion, organic baby spinach, pine nut, fresh Asiago cheese, mozzarella cheese; garnished with garlic olive oil , Italian parsley",2019-11-12 18:50:15,"cremini mushroom, caramelized onion, organic baby spinach, pine nut, fresh asiago cheese, mozzarella cheese"," garnished with garlic olive oil , Italian parsley",
375,"Broccolini, onion, cheddar cheese, mozzarella cheese;  garnished with garlic olive oil, lemon zest, Italian parsley",2019-11-12 18:50:15,"broccolini, onion, cheddar cheese, mozzarella cheese","  garnished with garlic olive oil, lemon zest, Italian parsley",
376,"Red , yellow bell pepper, onion, Valbreso feta cheese, mozzarella cheese;  garnished with house made olive tapenade , Italian parsley",2019-11-13 19:03:46,"red , yellow bell pepper, onion, valbreso feta cheese, mozzarella cheese","  garnished with house made olive tapenade , Italian parsley",
377,"Tomato, onion, Gruyère cheese, mozzarella cheese;  garnished with garlic olive oil, oregano, Italian parsley",2019-11-13 19:03:46,"tomato, onion, gruyère cheese, mozzarella cheese","  garnished with garlic olive oil, oregano, Italian parsley",
378,"Roasted eggplant , mozzarella cheese; garnished with house made tzatziki sauce, fried spiced chickpea, mint, Italian parsley",2019-11-13 19:03:46,"roasted eggplant , mozzarella cheese"," garnished with house made tzatziki sauce, fried spiced chickpea, mint, Italian parsley",
379,"Cremini mushroom, caramelized onion, organic baby spinach, pine nut, fresh Asiago cheese, mozzarella cheese; garnished with garlic olive oil , Italian parsley",2019-11-13 19:03:46,"cremini mushroom, caramelized onion, organic baby spinach, pine nut, fresh asiago cheese, mozzarella cheese"," garnished with garlic olive oil , Italian parsley",
380,"Broccolini, onion, cheddar cheese, mozzarella cheese;  garnished with garlic olive oil, lemon zest, Italian parsley",2019-11-13 19:03:46,"broccolini, onion, cheddar cheese, mozzarella cheese","  garnished with garlic olive oil, lemon zest, Italian parsley",
386,"Red , yellow bell pepper, onion, Valbreso feta cheese, mozzarella cheese;  garnished with house made olive tapenade , Italian parsley",2019-11-13 19:03:48,"red , yellow bell pepper, onion, valbreso feta cheese, mozzarella cheese","  garnished with house made olive tapenade , Italian parsley",
387,"Tomato, onion, Gruyère cheese, mozzarella cheese;  garnished with garlic olive oil, oregano, Italian parsley",2019-11-13 19:03:48,"tomato, onion, gruyère cheese, mozzarella cheese","  garnished with garlic olive oil, oregano, Italian parsley",
388,"Roasted eggplant , mozzarella cheese; garnished with house made tzatziki sauce, fried spiced chickpea, mint, Italian parsley",2019-11-13 19:03:48,"roasted eggplant , mozzarella cheese"," garnished with house made tzatziki sauce, fried spiced chickpea, mint, Italian parsley",
389,"Cremini mushroom, caramelized onion, organic baby spinach, pine nut, fresh Asiago cheese, mozzarella cheese; garnished with garlic olive oil , Italian parsley",2019-11-13 19:03:48,"cremini mushroom, caramelized onion, organic baby spinach, pine nut, fresh asiago cheese, mozzarella cheese"," garnished with garlic olive oil , Italian parsley",
390,"Broccolini, onion, cheddar cheese, mozzarella cheese;  garnished with garlic olive oil, lemon zest, Italian parsley",2019-11-13 19:03:48,"broccolini, onion, cheddar cheese, mozzarella cheese","  garnished with garlic olive oil, lemon zest, Italian parsley",
391,"Tomato, onion, Gruyère cheese, mozzarella cheese;  garnished with garlic olive oil, oregano, Italian parsley",2019-11-14 20:36:11,"tomato, onion, gruyère cheese, mozzarella cheese","  garnished with garlic olive oil, oregano, Italian parsley",
392,"Roasted eggplant , mozzarella cheese; garnished with house made tzatziki sauce, fried spiced chickpea, mint, Italian parsley",2019-11-14 20:36:11,"roasted eggplant , mozzarella cheese"," garnished with house made tzatziki sauce, fried spiced chickpea, mint, Italian parsley",
393,"Cremini mushroom, caramelized onion, organic baby spinach, pine nut, fresh Asiago cheese, mozzarella cheese; garnished with garlic olive oil , Italian parsley",2019-11-14 20:36:11,"cremini mushroom, caramelized onion, organic baby spinach, pine nut, fresh asiago cheese, mozzarella cheese"," garnished with garlic olive oil , Italian parsley",
394,"Broccolini, onion, cheddar cheese, mozzarella cheese;  garnished with garlic olive oil, lemon zest, Italian parsley",2019-11-14 20:36:11,"broccolini, onion, cheddar cheese, mozzarella cheese","  garnished with garlic olive oil, lemon zest, Italian parsley",
395,"Tomato, onion, Gruyère cheese, mozzarella cheese;  garnished with garlic olive oil, oregano, Italian parsley",2019-11-14 20:36:12,"tomato, onion, gruyère cheese, mozzarella cheese","  garnished with garlic olive oil, oregano, Italian parsley",
396,"Roasted eggplant , mozzarella cheese; garnished with house made tzatziki sauce, fried spiced chickpea, mint, Italian parsley",2019-11-14 20:36:12,"roasted eggplant , mozzarella cheese"," garnished with house made tzatziki sauce, fried spiced chickpea, mint, Italian parsley",
397,"Cremini mushroom, caramelized onion, organic baby spinach, pine nut, fresh Asiago cheese, mozzarella cheese; garnished with garlic olive oil , Italian parsley",2019-11-14 20:36:12,"cremini mushroom, caramelized onion, organic baby spinach, pine nut, fresh asiago cheese, mozzarella cheese"," garnished with garlic olive oil , Italian parsley",
398,"Broccolini, onion, cheddar cheese, mozzarella cheese;  garnished with garlic olive oil, lemon zest, Italian parsley",2019-11-14 20:36:12,"broccolini, onion, cheddar cheese, mozzarella cheese","  garnished with garlic olive oil, lemon zest, Italian parsley",
399,"Tomato, onion, Gruyère cheese, mozzarella cheese;  garnished with garlic olive oil, oregano, Italian parsley",2019-11-14 20:36:13,"tomato, onion, gruyère cheese, mozzarella cheese","  garnished with garlic olive oil, oregano, Italian parsley",
400,"Roasted eggplant , mozzarella cheese; garnished with house made tzatziki sauce, fried spiced chickpea, mint, Italian parsley",2019-11-14 20:36:13,"roasted eggplant , mozzarella cheese"," garnished with house made tzatziki sauce, fried spiced chickpea, mint, Italian parsley",
401,"Cremini mushroom, caramelized onion, organic baby spinach, pine nut, fresh Asiago cheese, mozzarella cheese; garnished with garlic olive oil , Italian parsley",2019-11-14 20:36:13,"cremini mushroom, caramelized onion, organic baby spinach, pine nut, fresh asiago cheese, mozzarella cheese"," garnished with garlic olive oil , Italian parsley",
402,"Broccolini, onion, cheddar cheese, mozzarella cheese;  garnished with garlic olive oil, lemon zest, Italian parsley",2019-11-14 20:36:13,"broccolini, onion, cheddar cheese, mozzarella cheese","  garnished with garlic olive oil, lemon zest, Italian parsley",
403,"Roasted eggplant , mozzarella cheese; garnished with house made tzatziki sauce, fried spiced chickpea, mint, Italian parsley",2019-11-16 07:48:15,"roasted eggplant , mozzarella cheese"," garnished with house made tzatziki sauce, fried spiced chickpea, mint, Italian parsley",
404,"Cremini mushroom, caramelized onion, organic baby spinach, pine nut, fresh Asiago cheese, mozzarella cheese; garnished with garlic olive oil , Italian parsley",2019-11-16 07:48:15,"cremini mushroom, caramelized onion, organic baby spinach, pine nut, fresh asiago cheese, mozzarella cheese"," garnished with garlic olive oil , Italian parsley",
405,"Broccolini, onion, cheddar cheese, mozzarella cheese;  garnished with garlic olive oil, lemon zest, Italian parsley",2019-11-16 07:48:15,"broccolini, onion, cheddar cheese, mozzarella cheese","  garnished with garlic olive oil, lemon zest, Italian parsley",
406,"Roasted eggplant , mozzarella cheese; garnished with house made tzatziki sauce, fried spiced chickpea, mint, Italian parsley",2019-11-16 07:48:16,"roasted eggplant , mozzarella cheese"," garnished with house made tzatziki sauce, fried spiced chickpea, mint, Italian parsley",
407,"Cremini mushroom, caramelized onion, organic baby spinach, pine nut, fresh Asiago cheese, mozzarella cheese; garnished with garlic olive oil , Italian parsley",2019-11-16 07:48:16,"cremini mushroom, caramelized onion, organic baby spinach, pine nut, fresh asiago cheese, mozzarella cheese"," garnished with garlic olive oil , Italian parsley",
408,"Broccolini, onion, cheddar cheese, mozzarella cheese;  garnished with garlic olive oil, lemon zest, Italian parsley",2019-11-16 07:48:16,"broccolini, onion, cheddar cheese, mozzarella cheese","  garnished with garlic olive oil, lemon zest, Italian parsley",
409,"Roasted eggplant , mozzarella cheese; garnished with house made tzatziki sauce, fried spiced chickpea, mint, Italian parsley",2019-11-16 07:48:18,"roasted eggplant , mozzarella cheese"," garnished with house made tzatziki sauce, fried spiced chickpea, mint, Italian parsley",
410,"Cremini mushroom, caramelized onion, organic baby spinach, pine nut, fresh Asiago cheese, mozzarella cheese; garnished with garlic olive oil , Italian parsley",2019-11-16 07:48:18,"cremini mushroom, caramelized onion, organic baby spinach, pine nut, fresh asiago cheese, mozzarella cheese"," garnished with garlic olive oil , Italian parsley",
411,"Broccolini, onion, cheddar cheese, mozzarella cheese;  garnished with garlic olive oil, lemon zest, Italian parsley",2019-11-16 07:48:18,"broccolini, onion, cheddar cheese, mozzarella cheese","  garnished with garlic olive oil, lemon zest, Italian parsley",
412,"Roasted eggplant , mozzarella cheese; garnished with house made tzatziki sauce, fried spiced chickpea, mint, Italian parsley",2019-11-17 10:50:30,"roasted eggplant , mozzarella cheese"," garnished with house made tzatziki sauce, fried spiced chickpea, mint, Italian parsley",
413,"Cremini mushroom, caramelized onion, organic baby spinach, pine nut, fresh Asiago cheese, mozzarella cheese; garnished with garlic olive oil , Italian parsley",2019-11-17 10:50:30,"cremini mushroom, caramelized onion, organic baby spinach, pine nut, fresh asiago cheese, mozzarella cheese"," garnished with garlic olive oil , Italian parsley",
414,"Broccolini, onion, cheddar cheese, mozzarella cheese;  garnished with garlic olive oil, lemon zest, Italian parsley",2019-11-17 10:50:30,"broccolini, onion, cheddar cheese, mozzarella cheese","  garnished with garlic olive oil, lemon zest, Italian parsley",
415,"Cremini mushroom, caramelized onion, baby kale, pine nut, mozzarella cheese, fresh Asiago cheese;  garnished with garlic olive oil , Italian parsley",2019-12-21 09:46:16,"cremini mushroom, caramelized onion, baby kale, pine nut, mozzarella cheese, fresh asiago cheese","  garnished with garlic olive oil , Italian parsley",
438,"Cremini mushroom, onion, goat cheese (Sky Hill Farm), mozzarella cheese;  garnished with garlic olive oil, oregano, Italian parsley",2020-01-13 07:01:39,"cremini mushroom, onion, goat cheese (sky hill farm), mozzarella cheese","  garnished with garlic olive oil, oregano, Italian parsley",
439,"Broccolini, red onion, cheddar cheese, mozzarella cheese;  garnished with garlic olive oil, organic lemon zest, Italian parsley",2020-01-13 07:01:39,"broccolini, red onion, cheddar cheese, mozzarella cheese","  garnished with garlic olive oil, organic lemon zest, Italian parsley",
440,"House made tomato sauce , mozzarella cheese;  garnished with Parmigiano Reggiano cheese , arugula dressed in lemon vinaigrette",2020-01-13 07:01:39,"house made tomato sauce , mozzarella cheese","  garnished with Parmigiano Reggiano cheese , arugula dressed in lemon vinaigrette",
441,"Roasted potato, pasilla pepper, onion, Valbreso feta cheese, mozzarella cheese;  garnished with garlic olive oil, cilantro, lime",2020-01-13 07:01:39,"roasted potato, pasilla pepper, onion, valbreso feta cheese, mozzarella cheese","  garnished with garlic olive oil, cilantro, lime",
442,"Crushed tomato, red onion, Asiago cheese, mozzarella cheese;  garnished with garlic olive oil, oregano, Italian parsley",2020-01-13 07:01:39,"crushed tomato, red onion, asiago cheese, mozzarella cheese","  garnished with garlic olive oil, oregano, Italian parsley",
443,"Cremini mushroom, onion, goat cheese (Sky Hill Farm), mozzarella cheese;  garnished with garlic olive oil, oregano, Italian parsley",2020-01-13 07:01:42,"cremini mushroom, onion, goat cheese (sky hill farm), mozzarella cheese","  garnished with garlic olive oil, oregano, Italian parsley",
444,"Broccolini, red onion, cheddar cheese, mozzarella cheese;  garnished with garlic olive oil, organic lemon zest, Italian parsley",2020-01-13 07:01:42,"broccolini, red onion, cheddar cheese, mozzarella cheese","  garnished with garlic olive oil, organic lemon zest, Italian parsley",
445,"House made tomato sauce , mozzarella cheese;  garnished with Parmigiano Reggiano cheese , arugula dressed in lemon vinaigrette",2020-01-13 07:01:42,"house made tomato sauce , mozzarella cheese","  garnished with Parmigiano Reggiano cheese , arugula dressed in lemon vinaigrette",
446,"Roasted potato, pasilla pepper, onion, Valbreso feta cheese, mozzarella cheese;  garnished with garlic olive oil, cilantro, lime",2020-01-13 07:01:42,"roasted potato, pasilla pepper, onion, valbreso feta cheese, mozzarella cheese","  garnished with garlic olive oil, cilantro, lime",
447,"Crushed tomato, red onion, Asiago cheese, mozzarella cheese;  garnished with garlic olive oil, oregano, Italian parsley",2020-01-13 07:01:42,"crushed tomato, red onion, asiago cheese, mozzarella cheese","  garnished with garlic olive oil, oregano, Italian parsley",
448,"Cremini mushroom, onion, goat cheese (Sky Hill Farm), mozzarella cheese;  garnished with garlic olive oil, oregano, Italian parsley",2020-01-13 07:01:43,"cremini mushroom, onion, goat cheese (sky hill farm), mozzarella cheese","  garnished with garlic olive oil, oregano, Italian parsley",
449,"Broccolini, red onion, cheddar cheese, mozzarella cheese;  garnished with garlic olive oil, organic lemon zest, Italian parsley",2020-01-13 07:01:43,"broccolini, red onion, cheddar cheese, mozzarella cheese","  garnished with garlic olive oil, organic lemon zest, Italian parsley",
450,"House made tomato sauce , mozzarella cheese;  garnished with Parmigiano Reggiano cheese , arugula dressed in lemon vinaigrette",2020-01-13 07:01:43,"house made tomato sauce , mozzarella cheese","  garnished with Parmigiano Reggiano cheese , arugula dressed in lemon vinaigrette",
451,"Roasted potato, pasilla pepper, onion, Valbreso feta cheese, mozzarella cheese;  garnished with garlic olive oil, cilantro, lime",2020-01-13 07:01:43,"roasted potato, pasilla pepper, onion, valbreso feta cheese, mozzarella cheese","  garnished with garlic olive oil, cilantro, lime",
452,"Crushed tomato, red onion, Asiago cheese, mozzarella cheese;  garnished with garlic olive oil, oregano, Italian parsley",2020-01-13 07:01:43,"crushed tomato, red onion, asiago cheese, mozzarella cheese","  garnished with garlic olive oil, oregano, Italian parsley",
453,"Cremini mushroom, caramelized onion, baby spinach, pine nut, mozzarella cheese, fresh Asiago cheese;  garnished with garlic olive oil , Italian parsley",2020-02-15 18:14:47,"cremini mushroom, caramelized onion, baby spinach, pine nut, mozzarella cheese, fresh asiago cheese","  garnished with garlic olive oil , Italian parsley",
454,"Artichoke, baby spinach, fresh Berkeley-made ricotta cheese (Belfiore), mozzarella cheese;  garnished with garlic olive oil, organic lemon zest, Italian parsley",2020-02-15 18:14:47,"artichoke, baby spinach, fresh berkeley-made ricotta cheese (belfiore), mozzarella cheese","  garnished with garlic olive oil, organic lemon zest, Italian parsley",
470,"Artichoke, baby spinach, fresh ricotta made in Berkeley by Belfiore, mozzarella, lemon zest, garlic olive oil, Italian parsley",2020-06-03 19:19:25,"artichoke, baby spinach, fresh ricotta made in berkeley by belfiore, mozzarella, lemon zest, garlic olive oil, italian parsley",,
472," Our house made tomato sauce topped with mozzarella , Parmigiano Reggiano , garnished with arugula dressed in lemon vinaigrette",2020-06-03 19:19:25," our house made tomato sauce topped with mozzarella , parmigiano reggiano , garnished with arugula dressed in lemon vinaigrette",,
473,"Crimini mushroom, red onion, goat cheese (Skyhill Farms), mozzarella, garlic olive oil, Italian parsley",2020-06-03 19:19:25,"crimini mushroom, red onion, goat cheese (skyhill farms), mozzarella, garlic olive oil, italian parsley",,
474," Zucchini, fresh ricotta made in Berkeley by Belfiore, mozzarella cheese, basil pesto (contains pine nut)",2020-06-17 04:47:14," zucchini, fresh ricotta made in berkeley by belfiore, mozzarella cheese, basil pesto (contains pine nut)",,
475," Shiitake mushroom, leek, mozzarella cheese, sesame-ginger sauce",2020-06-17 04:47:14," shiitake mushroom, leek, mozzarella cheese, sesame-ginger sauce",,
476," In celebration of Juneteenth!Okra, tomato, Skyhill Farms goat cheese, mozzarella cheese, garlic olive oil, cilantro",2020-06-17 04:47:14," in celebration of juneteenth!okra, tomato, skyhill farms goat cheese, mozzarella cheese, garlic olive oil, cilantro",,
477," House made smoky tomato sauce , mozzarella cheese garnished with arugula dressed in lemon vinaigrette",2020-06-17 04:47:14," house made smoky tomato sauce , mozzarella cheese garnished with arugula dressed in lemon vinaigrette",,
478,"  Cremini mushroom, truffle Pecorino cheese, mozzarella cheese, garlic olive oil, Italian parsley",2020-06-17 04:47:14,"  cremini mushroom, truffle pecorino cheese, mozzarella cheese, garlic olive oil, italian parsley",,
479," Zucchini, fresh ricotta made in Berkeley by Belfiore, mozzarella cheese, basil pesto (contains pine nut)",2020-06-17 04:47:17," zucchini, fresh ricotta made in berkeley by belfiore, mozzarella cheese, basil pesto (contains pine nut)",,
480," Shiitake mushroom, leek, mozzarella cheese, sesame-ginger sauce",2020-06-17 04:47:17," shiitake mushroom, leek, mozzarella cheese, sesame-ginger sauce",,
481," In celebration of Juneteenth!Okra, tomato, Skyhill Farms goat cheese, mozzarella cheese, garlic olive oil, cilantro",2020-06-17 04:47:17," in celebration of juneteenth!okra, tomato, skyhill farms goat cheese, mozzarella cheese, garlic olive oil, cilantro",,
482," House made smoky tomato sauce , mozzarella cheese garnished with arugula dressed in lemon vinaigrette",2020-06-17 04:47:17," house made smoky tomato sauce , mozzarella cheese garnished with arugula dressed in lemon vinaigrette",,
483,"  Cremini mushroom, truffle Pecorino cheese, mozzarella cheese, garlic olive oil, Italian parsley",2020-06-17 04:47:17,"  cremini mushroom, truffle pecorino cheese, mozzarella cheese, garlic olive oil, italian parsley",,
484," Zucchini, fresh ricotta made in Berkeley by Belfiore, mozzarella cheese, basil pesto (contains pine nut)",2020-06-17 04:47:19," zucchini, fresh ricotta made in berkeley by belfiore, mozzarella cheese, basil pesto (contains pine nut)",,
485," Shiitake mushroom, leek, mozzarella cheese, sesame-ginger sauce",2020-06-17 04:47:19," shiitake mushroom, leek, mozzarella cheese, sesame-ginger sauce",,
486," In celebration of Juneteenth!Okra, tomato, Skyhill Farms goat cheese, mozzarella cheese, garlic olive oil, cilantro",2020-06-17 04:47:19," in celebration of juneteenth!okra, tomato, skyhill farms goat cheese, mozzarella cheese, garlic olive oil, cilantro",,
487," House made smoky tomato sauce , mozzarella cheese garnished with arugula dressed in lemon vinaigrette",2020-06-17 04:47:19," house made smoky tomato sauce , mozzarella cheese garnished with arugula dressed in lemon vinaigrette",,
488,"  Cremini mushroom, truffle Pecorino cheese, mozzarella cheese, garlic olive oil, Italian parsley",2020-06-17 04:47:19,"  cremini mushroom, truffle pecorino cheese, mozzarella cheese, garlic olive oil, italian parsley",,
132,"Four Cheese Pizza: Mozzarella, Prima Donna aged Gouda, Danish Blue, Parmesan, yellow, red, green onion, garlic olive oil, parsley , oregano ",2015-03-04 08:44:39," mozzarella, prima donna aged gouda, danish blue, parmesan, yellow, red, green onion, garlic olive oil, parsley , oregano ",,four cheese pizza
136,"Pizza: Roma tomato, red onion, mozzarella , Bulgarian feta cheeses, garlic olive oil, lemon juice, lemon zest, cilantro",2015-06-19 06:02:40," roma tomato, red onion, mozzarella , bulgarian feta cheeses, garlic olive oil, lemon juice, lemon zest, cilantro",,pizza
138,"Pizza: Roma tomato, red onion, mozzarella , Bulgarian feta cheese, garlic olive oil, lemon juice, lemon zest, cilantro",2015-08-10 17:36:32," roma tomato, red onion, mozzarella , bulgarian feta cheese, garlic olive oil, lemon juice, lemon zest, cilantro",,pizza
140,"Pizza: Organic house made tomato sauce, mozzarella , Parmigiano Reggiano cheeses, arugula in a lemon vinaigrette ",2015-09-05 09:17:56," organic house made tomato sauce, mozzarella , parmigiano reggiano cheeses, arugula in a lemon vinaigrette ",,pizza
142,"Pizza: Organic house made tomato sauce, mozzarella , Parmigiano Reggiano cheeses, arugula in a lemon vinaigrette ",2015-09-07 02:13:48," organic house made tomato sauce, mozzarella , parmigiano reggiano cheeses, arugula in a lemon vinaigrette ",,pizza
144,"Pizza: *Four Cheese Pizza* BelGioioso Provolone, Parmigiano, Mozzarella , Blue cheese, white , green onion, garlic olive oil, parsley , oregano",2015-10-08 08:26:12," *four cheese pizza* belgioioso provolone, parmigiano, mozzarella , blue cheese, white , green onion, garlic olive oil, parsley , oregano",,pizza
146,"Pizza: Butternut squash, caramelized onion, mozzarella , Comte cheeses, rosemary oil, fresh herbs",2015-10-26 06:37:58," butternut squash, caramelized onion, mozzarella , comte cheeses, rosemary oil, fresh herbs",,pizza
148,"Pizza: Broccolini, red onion, mozzarella , aged cheddar cheeses, garlic olive oil, lemon zest, parsley",2015-11-03 06:45:27," broccolini, red onion, mozzarella , aged cheddar cheeses, garlic olive oil, lemon zest, parsley",,pizza
150,"Pizza: Bell pepper, olive tapenade, mozzarella , Valbreso feta cheese, garlic olive oil, parsley",2015-11-10 06:45:27," bell pepper, olive tapenade, mozzarella , valbreso feta cheese, garlic olive oil, parsley",,pizza
152,"Pizza: Bartlett pear, caramelized onion, *walnut*, mozzarella , Dunbarton blue cheese, arugula in a preserved lemon vinaigrette",2015-11-19 00:22:05," bartlett pear, caramelized onion, *walnut*, mozzarella , dunbarton blue cheese, arugula in a preserved lemon vinaigrette",,pizza
154,"Pizza: Crushed tomato, red onion, mozzarella , aged Belgioioso asiago cheeses, garlic olive oil, parsley , oregano ",2015-11-27 16:55:22," crushed tomato, red onion, mozzarella , aged belgioioso asiago cheeses, garlic olive oil, parsley , oregano ",,pizza
156,"Pizza: Red bell pepper, onion, mozzarella , Valbreso feta, kalamata olive tapenade, parsley",2016-02-03 04:33:03," red bell pepper, onion, mozzarella , valbreso feta, kalamata olive tapenade, parsley",,pizza
158,Pizza: ,2016-03-07 23:20:18, ,,pizza
160,"Pizza: Cremini mushroom, baby spinach, caramelized onion, mozzarella , Montalban cheese, Pine nut, garlic olive oil, parsley",2016-03-11 20:26:46," cremini mushroom, baby spinach, caramelized onion, mozzarella , montalban cheese, pine nut, garlic olive oil, parsley",,pizza
162,"Pizza: Cremini mushroom, baby spinach, caramelized onion, mozzarella , Montalban cheese, Pine nut, garlic olive oil, parsley",2016-03-14 13:55:33," cremini mushroom, baby spinach, caramelized onion, mozzarella , montalban cheese, pine nut, garlic olive oil, parsley",,pizza
164,Pizza: ,2016-03-21 03:03:33, ,,pizza
166,"Pizza: Crushed  tomato, red onion, mozzarella , Parmigiano-Reggiano cheese, garlic olive oil, parsley, oregano",2016-03-30 06:09:51," crushed  tomato, red onion, mozzarella , parmigiano-reggiano cheese, garlic olive oil, parsley, oregano",,pizza
168,"Pizza: Crushed  tomato, red onion, mozzarella , Parmigiano-Reggiano cheese, garlic olive oil, parsley, oregano",2016-04-01 19:53:02," crushed  tomato, red onion, mozzarella , parmigiano-reggiano cheese, garlic olive oil, parsley, oregano",,pizza
172,"Pizza: Red bell pepper, onion, mozzarella , Valbreso feta cheese, kalamata olive tapenade, parsley ",2016-04-13 19:51:50," red bell pepper, onion, mozzarella , valbreso feta cheese, kalamata olive tapenade, parsley ",,pizza
174,"Pizza: Cremini mushroom, baby dino kale, mozzarella , fresh Capricho de Cabra goat cheese, garlic olive oil, parsley , oregano ",2016-04-22 00:40:04," cremini mushroom, baby dino kale, mozzarella , fresh capricho de cabra goat cheese, garlic olive oil, parsley , oregano ",,pizza
176,"Pizza:  Summer squash, onion, mozzarella , Parmesan cheese, toasted garlic, Pine nut, garlic olive oil, basil",2016-04-26 18:48:04,"  summer squash, onion, mozzarella , parmesan cheese, toasted garlic, pine nut, garlic olive oil, basil",,pizza
178,"Pizza:  Summer squash, onion, mozzarella , Parmesan cheese, toasted garlic, Pine nut, garlic olive oil, basil",2016-04-30 20:00:19,"  summer squash, onion, mozzarella , parmesan cheese, toasted garlic, pine nut, garlic olive oil, basil",,pizza
180,"Pizza: Four cheese pizza: mozzarella, Fontina, local Belfiore ricotta, Parmesan, onion, basil pine nut pesto",2016-05-06 12:11:10, four cheese pizza,,pizza
182,"Pizza: Four cheese pizza: mozzarella, Fontina, local Belfiore ricotta, Parmesan, onion, basil pine nut pesto",2016-05-08 00:46:04, four cheese pizza,,pizza
184,"Pizza: Artichoke heart, baby spinach, mozzarella , Moliterno truffle Pecorino, garlic olive oil, parsley, lemon zest",2016-05-15 23:45:54," artichoke heart, baby spinach, mozzarella , moliterno truffle pecorino, garlic olive oil, parsley, lemon zest",,pizza
186,Pizza: ,2016-05-23 13:58:28, ,,pizza
188,"Pizza: Cherry tomato, red onion, mozzarella , Parmesan cheese, toasted garlic, garlic olive oil, parsley , oregano
",2016-06-01 01:31:16," cherry tomato, red onion, mozzarella , parmesan cheese, toasted garlic, garlic olive oil, parsley , oregano
",,pizza
190,"Pizza: Cheese Board made tomato sauce, mozzarella , buffalo Parmesan cheese, wild arugula in a lemon vinaigrette",2016-06-09 02:57:47," cheese board made tomato sauce, mozzarella , buffalo parmesan cheese, wild arugula in a lemon vinaigrette",,pizza
192,"Pizza: Broccolini, red onion, smoked mozzarella cheese, garlic olive oil, oregano, parsley",2016-06-17 02:33:45," broccolini, red onion, smoked mozzarella cheese, garlic olive oil, oregano, parsley",,pizza
194,"Pizza: Cremini mushroom, onion, mozzarella , Montalban manchego cheese, arugula in a lemon vinaigrette",2016-06-25 18:56:29," cremini mushroom, onion, mozzarella , montalban manchego cheese, arugula in a lemon vinaigrette",,pizza
196,"Pizza: Cremini mushroom, onion, mozzarella , fresh Caprichio de Cabra goat cheese, garlic olive oil, parsley, oregano",2016-07-03 02:29:11," cremini mushroom, onion, mozzarella , fresh caprichio de cabra goat cheese, garlic olive oil, parsley, oregano",,pizza
198,"Pizza: Four Cheese Pizza: Mozzarella, fresh Asiago, Dunbarton Blue, Parmesan, yellow, red, green onion, garlic olive oil, parsley, oregano  ",2016-07-12 19:51:03, four cheese pizza,,pizza
200,"Pizza: Four Cheese Pizza: Mozzarella, fresh Asiago, Dunbarton Blue, Parmesan, yellow, red, green onion, garlic olive oil, parsley, oregano  ",2016-07-14 04:42:35, four cheese pizza,,pizza
202,"Pizza: Heirloom cherry tomato, onion, mozzarella , Parmesan cheese, garlic olive oil, parsley ",2016-07-23 14:25:27," heirloom cherry tomato, onion, mozzarella , parmesan cheese, garlic olive oil, parsley ",,pizza
204,Pizza: ,2016-07-25 02:35:34, ,,pizza
208,"Pizza: Cherry tomato, red onion, mozzarella , Valbreso feta cheese, garlic olive oil, cilantro, lemon juice, lemon zest",2016-08-11 15:58:24," cherry tomato, red onion, mozzarella , valbreso feta cheese, garlic olive oil, cilantro, lemon juice, lemon zest",,pizza
210,"Pizza: Cremini mushroom, onion, mozzarella , Montalban Manchego  cheese, arugula with a lemon vinaigrette",2016-08-23 06:54:53," cremini mushroom, onion, mozzarella , montalban manchego  cheese, arugula with a lemon vinaigrette",,pizza
212,"Pizza: Zucchini, red bell pepper, mozzarella , Sky Hill fresh goat cheese, Kalamata olive, garlic olive oil, parsley, oregano ",2016-09-07 09:07:12," zucchini, red bell pepper, mozzarella , sky hill fresh goat cheese, kalamata olive, garlic olive oil, parsley, oregano ",,pizza
214,Pizza: ,2016-09-18 14:22:01, ,,pizza
216,"Pizza: Four cheese pizza: mozzarella, fresh Asiago, Parmesan, Dunbarton blue cheese, red, green, yellow onion, garlic olive oil, parsley, oregano ",2016-09-23 18:02:26, four cheese pizza,,pizza
218,"Pizza: Four cheese pizza: mozzarella, fresh Asiago, Parmesan, Dunbarton blue cheese, red, green, yellow onion, garlic olive oil, parsley, oregano ",2016-09-25 05:17:02, four cheese pizza,,pizza
220,Pizza: ,2016-10-16 10:33:55, ,,pizza
222,"Pizza: End of the season corn week! Last corn pizzas of the year:  roasted corn, Olson farm heirloom tomato, mozzarella , Queso Fresco, garlic olive oil, lemon juice, lemon zest, cilantro",2016-10-21 17:43:46, end of the season corn week! last corn pizzas of the year,,pizza
224,"Pizza: En-corn! (by popular dem, one more day of corn pizza for the year) corn, onion, pasilla pepper, mozzarella , greek Feta cheese, garlic olive oil, cilantro, lime",2016-10-26 04:48:40," en-corn! (by popular dem, one more day of corn pizza for the year) corn, onion, pasilla pepper, mozzarella , greek feta cheese, garlic olive oil, cilantro, lime",,pizza
226,"Pizza: En-corn! (by popular dem, one more day of corn pizza for the year) corn, onion, pasilla pepper, mozzarella , greek Feta cheese, garlic olive oil, cilantro, lime",2016-10-27 02:50:00," en-corn! (by popular dem, one more day of corn pizza for the year) corn, onion, pasilla pepper, mozzarella , greek feta cheese, garlic olive oil, cilantro, lime",,pizza
228,"Pizza: Red bell pepper, red onion, mozzarella , Greek feta cheese, artichoke heart , Kalamata olive tapenade, garlic olive oil, parsley",2016-11-19 04:42:50," red bell pepper, red onion, mozzarella , greek feta cheese, artichoke heart , kalamata olive tapenade, garlic olive oil, parsley",,pizza
230,"Pizza: Crushed tomato, red onion, mozzarella , cave aged Gruyere cheese, garlic olive oil, parsley , oregano",2016-11-27 08:54:52," crushed tomato, red onion, mozzarella , cave aged gruyere cheese, garlic olive oil, parsley , oregano",,pizza
234,"Cheese Board Style Marghertia: Crushed tomato, mozzarella , Berkeley-made Belfiore fresh Mozzarella; garnished with garlic olive oil, Italian parsley , oregano",2019-01-22 06:42:54," crushed tomato, mozzarella , berkeley-made belfiore fresh mozzarella"," garnished with garlic olive oil, Italian parsley , oregano",cheese board style marghertia
240,"Cheese Board Style Marghertia: Crushed tomato, mozzarella , Berkeley-made Belfiore fresh Mozzarella; garnished with garlic olive oil, Italian parsley , oregano",2019-01-22 06:42:55," crushed tomato, mozzarella , berkeley-made belfiore fresh mozzarella"," garnished with garlic olive oil, Italian parsley , oregano",cheese board style marghertia
249,"Cheese Board's four cheese-three onion pizza:  Aged Asiago, mozzarella , Berkeley-made Belfiore fresh ricotta cheese; yellow, red , green onion; garnished with parmesan cheese, garlic olive oil , Italian parsley",2019-03-07 15:17:24,"  aged asiago, mozzarella , berkeley-made belfiore fresh ricotta cheese"," yellow, red , green onion",cheese board's four cheese-three onion pizza
253,"Cheese Board's four cheese-three onion pizza:  Aged Asiago, mozzarella , Berkeley-made Belfiore fresh ricotta cheese; yellow, red , green onion; garnished with parmesan cheese, garlic olive oil , Italian parsley",2019-03-07 15:17:25,"  aged asiago, mozzarella , berkeley-made belfiore fresh ricotta cheese"," yellow, red , green onion",cheese board's four cheese-three onion pizza
256,"Cheese Board's four cheese-three onion pizza:  Aged Asiago, mozzarella , Berkeley-made Belfiore fresh ricotta cheese; yellow, red , green onion; garnished with parmesan cheese, garlic olive oil , Italian parsley",2019-03-08 15:29:50,"  aged asiago, mozzarella , berkeley-made belfiore fresh ricotta cheese"," yellow, red , green onion",cheese board's four cheese-three onion pizza
259,"Cheese Board's four cheese-three onion pizza:  Aged Asiago, mozzarella , Berkeley-made Belfiore fresh ricotta cheese; yellow, red , green onion; garnished with parmesan cheese, garlic olive oil , Italian parsley",2019-03-08 15:29:51,"  aged asiago, mozzarella , berkeley-made belfiore fresh ricotta cheese"," yellow, red , green onion",cheese board's four cheese-three onion pizza
261,"Cheese Board's four cheese-three onion pizza:  Aged Asiago, mozzarella , Berkeley-made Belfiore fresh ricotta cheese; yellow, red , green onion; garnished with parmesan cheese, garlic olive oil , Italian parsley",2019-03-09 15:20:13,"  aged asiago, mozzarella , berkeley-made belfiore fresh ricotta cheese"," yellow, red , green onion",cheese board's four cheese-three onion pizza
263,"Cheese Board's four cheese-three onion pizza:  Aged Asiago, mozzarella , Berkeley-made Belfiore fresh ricotta cheese; yellow, red , green onion; garnished with parmesan cheese, garlic olive oil , Italian parsley",2019-03-09 15:20:14,"  aged asiago, mozzarella , berkeley-made belfiore fresh ricotta cheese"," yellow, red , green onion",cheese board's four cheese-three onion pizza
264,"Cheese Board's four cheese-three onion pizza:  Aged Asiago, mozzarella , Berkeley-made Belfiore fresh ricotta cheese; yellow, red , green onion; garnished with parmesan cheese, garlic olive oil , Italian parsley",2019-03-10 15:57:04,"  aged asiago, mozzarella , berkeley-made belfiore fresh ricotta cheese"," yellow, red , green onion",cheese board's four cheese-three onion pizza
265,"Cheese Board's four cheese-three onion pizza:  Aged Asiago, mozzarella , Berkeley-made Belfiore fresh ricotta cheese; yellow, red , green onion; garnished with parmesan cheese, garlic olive oil , Italian parsley",2019-03-10 15:57:05,"  aged asiago, mozzarella , berkeley-made belfiore fresh ricotta cheese"," yellow, red , green onion",cheese board's four cheese-three onion pizza
471," Our 4-cheese, 3-onion pie: Mozzarella, fresh ricotta made in Berkeley by Belfiore, Dunbarton blue cheese, parmesan;  red, yellow, organic green spring onion (Golden Rule Organics);  garlic olive oil;  Italian parsley",2020-06-03 19:19:25," mozzarella, fresh ricotta made in berkeley by belfiore, dunbarton blue cheese, parmesan","  red, yellow, organic green spring onion (Golden Rule Organics)"," our 4-cheese, 3-onion pie"
