menus,time_stamps
"Roma tomatoes with red onions, Bulgarian feta and mozzarella cheeses, lemon juice and lemon zest, garlic olive oil and fresh cilantro.",20101123195608
"OPEN TUESDAYS - SATURDAYSLUNCH  11:30 - 3:00DINNER  4:30 - 8:00closed Sundays and Mondays HOLIDAY HOURS:CLOSED: Nov. 25 - 29: reopen Tues, Nov. 30OPEN: Dec. 24 - 11:30 to 3CLOSED: Dec. 25 - 27OPEN: Dec. 28 - Dec. 30 - regular hours             Dec. 31 -  11am to 6pm CLOSED: Jan. 1 - 10Reopen Tues, Jan. 11",20101123195608
"Roma tomatoes, Red onions, Bulgarian feta, Mozzarella, Lemon zest and juice, Cilantro, Garlic olive oil.",20110718162354
OPEN TUESDAYS - SATURDAYSLUNCH  11:30 - 3:00DINNER  4:30 - 8:00closed Sundays and Mondays ,20110718162354
"Red bell peppers, Onions, Mozzarella, Montalban cheese, Kalamata olives, Garlic olive oil, Italian parsley.",20110728065819
OPEN TUESDAYS - SATURDAYSLUNCH  11:30 - 3:00DINNER  4:30 - 8:00closed Sundays and Mondays ,20110728065819
"Red bell peppers, Onions, French feta, Mozzarella, Tapenade.",20110903051228
OPEN TUESDAYS - SATURDAYSLUNCH  11:30 - 3:00DINNER  4:30 - 8:00closed Sundays and Mondays ,20110903051228
"Gypsy pepper, Onions, French goat cheese, Mozzarella, Fresh herbs, Garlic olive oil.",20110925070839
OPEN TUESDAYS - SATURDAYSLUNCH  11:30 - 3:00DINNER  4:30 - 8:00closed Sundays and Mondays ,20110925070839
"Red bell peppers, Onions, French feta, Mozzarella, Tapenade, Garlic olive oil. ",20111007003758
OPEN TUESDAYS - SATURDAYSLUNCH  11:30 - 3:00DINNER  4:30 - 8:00closed Sundays and Mondays ,20111007003758
"Red bell peppers, Onions, French feta, Mozzarella, Tapenade, Garlic olive oil. ",20111010051022
OPEN TUESDAYS - SATURDAYSLUNCH  11:30 - 3:00DINNER  4:30 - 8:00closed Sundays and Mondays ,20111010051022
"Fresh Asiago, Danish Blue, Mozzarella, Parmesan cheese, Red, Yellow and Green Onions, Fresh herbs.",20111026151617
OPEN TUESDAYS - SATURDAYSLUNCH  11:30 - 3:00DINNER  4:30 - 8:00closed Sundays and Mondays ,20111026151617
"Broccolini, Red onions, Cheddar cheese, Mozzarella, Gremolata, Garlic olive oil. ",20111114044420
OPEN TUESDAYS - SATURDAYSLUNCH  11:30 - 3:00DINNER  4:30 - 8:00closed Sundays and Mondays ,20111114044420
"4 cheeses (Fresh asiago, Danish blue, Mozzarella, Parmesan), 3 Onions (Red, Yellow and Green), Basil, Garlic olive oil. ",20111207061617
OPEN TUESDAYS - SATURDAYSLUNCH  11:30 - 3:00DINNER  4:30 - 8:00closed Sundays and Mondays ,20111207061617
The Pizzeria is closed today.,20120103131045
OPEN TUESDAYS - SATURDAYSLUNCH  11:30 - 3:00DINNER  4:30 - 8:00closed Sundays and Mondays ,20120103131045
The Pizzeria is closed today.,20120107055814
OPEN TUESDAYS - SATURDAYSLUNCH  11:30 - 3:00DINNER  4:30 - 8:00closed Sundays and Mondays ,20120107055814
"Roasted Potatoes, Roasted Onions, Gruyere, Mozzarella, Fresh herbs, Garlic olive oil. ",20120208114603
OPEN TUESDAYS - SATURDAYSLUNCH  11:30 - 3:00DINNER  4:30 - 8:00closed Sundays and Mondays ,20120208114603
"Crimini mushroom, Onions, French goat cheese, Mozzarella, Fresh herbs, Garlic olive oil.",20120309121438
OPEN TUESDAYS - SATURDAYSLUNCH  11:30 - 3:00DINNER  4:30 - 8:00closed Sundays and Mondays ,20120309121438
"Roma tomatoes, Red onions, Parmesan cheese, Mozzarella, Toasted garlic, Fresh herbs, Garlic olive oil. ",20120409164545
OPEN TUESDAYS - SATURDAYSLUNCH  11:30 - 3:00DINNER  4:30 - 8:00closed Sundays and Mondays ,20120409164545
:CLOSE:,20120504024942
OPEN TUESDAYS - SATURDAYSLUNCH  11:30 - 3:00DINNER  4:30 - 8:00closed Sundays and Mondays ,20120504024942
:CLOSE:,20120504130338
OPEN TUESDAYS - SATURDAYSLUNCH  11:30 - 3:00DINNER  4:30 - 8:00closed Sundays and Mondays ,20120504130338
"Broccoli, Red bell pepper, Fontina cheese, Mozzarella, Italian Parsley, Garlic olive oil.",20120616190242
OPEN TUESDAYS - SATURDAYSLUNCH  11:30 - 3:00DINNER  4:30 - 8:00closed Sundays and Mondays ,20120616190242
"Zucchini, Onions, French feta cheese, Mozzarella, Basil Pesto (PINE NUTS). ",20120920015511
 ,20120920015511
"Roma tomatoes, onions, toasted garlic, mozzarella and parmesan cheese, garlic oil, fresh herbs.",20130116000919
OPEN TUESDAYS - SATURDAYS,20130116000919
"Brown mushrooms, onions, mozzarella and French goat cheese, garlic olive oil, Italian Parsley.",20130208213545
OPEN TUESDAYS - SATURDAYS,20130208213545
"Zucchini, onions, mozzarella and French feta cheese, garlic olive oil, lemon zest, Italian parsley.",20130306021049
OPEN TUESDAYS - SATURDAYS,20130306021049
"Zucchini, onions, mozzarella and French feta cheese, garlic olive oil, lemon zest, Italian parsley.",20130308205315
OPEN TUESDAYS - SATURDAYS,20130308205315
"Broccolini, mozzarella and cheddar cheese, lemon zest, Italian parsley.",20130404180948
OPEN TUESDAYS - SATURDAYS,20130404180948
"Roma tomatoes, fresh California corn, mozzarella and parmesan cheese, garlic olive oil, Italian parsley.",20130423141022
OPEN TUESDAYS - SATURDAYS,20130423141022
"Closed for maintenance! Please visit our Sister Collective Arizmendi  in Lakeshore, Oakland for your pizza cravings! ",20130501022405
OPEN TUESDAYS - SATURDAYS,20130501022405
"Cremini mushrooms, onions, mozzarella and French goat cheese, garlic olive oil, fresh herbs.",20130621235321
OPEN TUESDAYS - SATURDAYS,20130621235321
,20130708025600
OPEN TUESDAYS - SATURDAYS,20130708025600
"Gypsy pepper, onions, green olives, mozzarella and feta cheese, garlic olive oil, Italian parsley.",20130711220413
OPEN TUESDAYS - SATURDAYS,20130711220413
"Roma tomatoes, onions, mozzarella, French goat cheese, garlic olive oil, Italian parsley.",20130822182945
OPEN TUESDAYS - SATURDAYS,20130822182945
"Cremini Mushrooms, onions, mozzarella and French goat cheese, garlic olive oil, fresh herbs.",20131031034126
OPEN TUESDAYS - SATURDAYS,20131031034126
"Roma tomatoes, onions, mozzarella and gouda cheese, garlic olive oil, fresh herbs.",20131116175040
OPEN TUESDAYS - SATURDAYS,20131116175040
"Roma tomatoes, onions, mozzarella and gouda cheese, garlic olive oil, fresh herbs.",20131117123924
OPEN TUESDAYS - SATURDAYS,20131117123924
"Cremini mushrooms, onions, mozzarella and French goat cheese, garlic olive oil, fresh herbs.",20131119225126
OPEN TUESDAYS - SATURDAYS,20131119225126
"Cremini mushrooms, onions, mozzarella and French goat cheese, garlic olive oil, fresh herbs.",20131120180133
OPEN TUESDAYS - SATURDAYS,20131120180133
"Cremini mushrooms, onions, mozzarella and French goat cheese, garlic olive oil, fresh herbs.",20131121210355
OPEN TUESDAYS - SATURDAYS,20131121210355
"Cremini mushrooms, onions, mozzarella and French goat cheese, garlic olive oil, fresh herbs.",20131122163907
OPEN TUESDAYS - SATURDAYS,20131122163907
"Cremini mushrooms, onions, mozzarella and French goat cheese, garlic olive oil, fresh herbs.",20131123175605
OPEN TUESDAYS - SATURDAYS,20131123175605
"Cremini mushrooms, onions, mozzarella and French goat cheese, garlic olive oil, fresh herbs.",20131124173941
OPEN TUESDAYS - SATURDAYS,20131124173941
"Roma tomatoes, onion, mozzarella and Asiago cheese, garlic olive oil, fresh herbs.",20131125202153
OPEN TUESDAYS - SATURDAYS,20131125202153
"Roma tomatoes, onion, mozzarella and Asiago cheese, garlic olive oil, fresh herbs.",20131127022915
OPEN TUESDAYS - SATURDAYS,20131127022915
"Roma tomatoes, onion, mozzarella and Asiago cheese, garlic olive oil, fresh herbs.",20131128045144
OPEN TUESDAYS - SATURDAYS,20131128045144
"Roma tomatoes, onion, mozzarella and Asiago cheese, garlic olive oil, fresh herbs.",20131129031010
OPEN TUESDAYS - SATURDAYS,20131129031010
"Roma tomatoes, onion, mozzarella and Asiago cheese, garlic olive oil, fresh herbs.",20131130044236
OPEN TUESDAYS - SATURDAYS,20131130044236
"Roma tomatoes, onion, mozzarella and Asiago cheese, garlic olive oil, fresh herbs.",20131201083635
OPEN TUESDAYS - SATURDAYS,20131201083635
"Roasted mushrooms, onions, mozzarella and montalban cheeses, topped with arugula in a lemon vinaigrette.",20131204083054
OPEN TUESDAYS - SATURDAYS,20131204083054
"Roma tomatoes, onions, mozzarella and feta cheeses, lemon zest, lemon juice, garlic olive oil, cilantro.",20131218115617
OPEN TUESDAYS - SATURDAYS,20131218115617
"Roma tomatoes, onions, mozzarella and feta cheeses, lemon zest, lemon juice, garlic olive oil, cilantro.",20131219134707
OPEN TUESDAYS - SATURDAYS,20131219134707
"Roma tomatoes, onions, mozzarella and feta cheeses, lemon zest, lemon juice, garlic olive oil, cilantro.",20131220114649
OPEN TUESDAYS - SATURDAYS,20131220114649
MONDAY 12/30 (OPEN 11am to 3pm):,20140112103533
 ,20140112103533
 ,20140120131510
OPEN TUESDAYS - SATURDAYS,20140120131510
 ,20140121152655
OPEN TUESDAYS - SATURDAYS,20140121152655
 ,20140122082309
OPEN TUESDAYS - SATURDAYS,20140122082309
 ,20140123111129
OPEN TUESDAYS - SATURDAYS,20140123111129
CLOSED FOR REMODELING!,20140209014951
OPEN WEDNESDAYS - SATURDAYS,20140209014951
"Red bell pepper, red onion, mozzarella and Valbreso feta, parsley, lemon citronette",20140625055722
OPEN TUESDAYS - SATURDAYS,20140625055722
"Red bell pepper, red onion, mozzarella and Valbreso feta cheese, Kalamata olive tapenade, garlic olive oil, parsley ",20140922084417
OPEN TUESDAYS - SATURDAYS,20140922084417
"Zucchini, onion, mozzarella and Valbreso feta cheese, lemon juice, lemon zest, garlic olive oil, parsley",20140927064559
OPEN TUESDAYS - SATURDAYS,20140927064559
"Cremini mushroom, caramelized onion, baby spinach, toasted Pine nut, mozzarella and Danish Fontina cheese, garlic olive oil, parsley ",20141010161648
OPEN TUESDAYS - SATURDAYS,20141010161648
"Red Bell pepper, onion, mozzarella and Valbreso feta cheese, Kalamata and green olive tapenade, garlic olive oil, parsley ",20141018062112
OPEN TUESDAYS - SATURDAYS,20141018062112
"Zucchini, onion, mozzarella and fresh Ricotta cheese, garlic olive oil, fresh parsley, lemon zest",20141029052337
OPEN TUESDAYS - SATURDAYS,20141029052337
"Zucchini, onion, mozzarella and fresh Ricotta cheese, garlic olive oil, fresh parsley, lemon zest",20141030091518
OPEN TUESDAYS - SATURDAYS,20141030091518
"Oyster and cremini mushroom, onion, mozzarella and French Presidenté goat cheese, garlic olive oil, parsley",20141106122042
OPEN TUESDAYS - SATURDAYS,20141106122042
Closed,20150112071726
Monday Dec 29 Open special hours 11:30-4:00Tuesday Dec 30 Open regular hoursWednesday Dec 31 Open special hours 11:30-6:00,20150112071726
"Crushed tomato, red onion, mozzarella and Parmesan cheese, Basil pine nut pesto ",20150206001421
"Crushed tomato, red onion, mozzarella and Parmesan cheese, Basil pine nut pesto ",20150208075750
"Red and green bell pepper, mozzarella and Valbreso feta chesse, Artichoke and cured olive tapenade, parsley",20150217031755
"First of the season California Asparagus, mozzarella and 15 month aged Prima Donna Gouda, preserved lemon, garlic olive oil, parsley",20150225015523
"Four Cheese Pizza: Mozzarella, Prima Donna aged Gouda, Danish Blue, Parmesan, yellow, red, and green onion, garlic olive oil, parsley and oregano ",20150304084439
"Cremini mushroom, onion, mozzarella and Presidente French goat cheese, garlic olive oil, parsley ",20150310143927
"Cremini mushroom, onion, mozzarella and Presidente French goat cheese, garlic olive oil, parsley ",20150314232353
"Roma tomato, red onion, mozzarella and Bulgarian feta cheese, lemon juice, lemon zest, garlic olive oil, cilantro",20150317080449
"Pizza: Roma tomato, red onion, mozzarella and Bulgarian feta cheeses, garlic olive oil, lemon juice, lemon zest, cilantro",20150619060240
 ,20150619060240
"Pizza: Roma tomato, red onion, mozzarella and Bulgarian feta cheese, garlic olive oil, lemon juice, lemon zest, cilantro",20150810173632
 ,20150810173632
"Pizza: Organic house made tomato sauce, mozzarella and Parmigiano Reggiano cheeses, arugula in a lemon vinaigrette ",20150905091756
 ,20150905091756
"Pizza: Organic house made tomato sauce, mozzarella and Parmigiano Reggiano cheeses, arugula in a lemon vinaigrette ",20150907021348
 ,20150907021348
"Pizza: *Four Cheese Pizza* BelGioioso Provolone, Parmigiano, Mozzarella and Blue cheese, white and green onion, garlic olive oil, parsley and oregano",20151008082612
 ,20151008082612
"Pizza: Butternut squash, caramelized onion, mozzarella and Comte cheeses, rosemary oil, fresh herbs",20151026063758
 ,20151026063758
"Pizza: Broccolini, red onion, mozzarella and aged cheddar cheeses, garlic olive oil, lemon zest, parsley",20151103064527
 ,20151103064527
"Pizza: Bell pepper, olive tapenade, mozzarella and Valbreso feta cheese, garlic olive oil, parsley",20151110064527
 ,20151110064527
"Pizza: Bartlett pear, caramelized onion, *walnut*, mozzarella and Dunbarton blue cheese, arugula in a preserved lemon vinaigrette",20151119002205
Pizzeria Hours & Information,20151119002205
"Pizza: Crushed tomato, red onion, mozzarella and aged Belgioioso asiago cheeses, garlic olive oil, parsley and oregano ",20151127165522
Pizzeria Hours & Information,20151127165522
"Pizza: Red bell pepper, onion, mozzarella and Valbreso feta, kalamata olive tapenade, parsley",20160203043303
Pizzeria Hours & Information,20160203043303
Pizza: ,20160307232018
Pizzeria Hours & Information,20160307232018
"Pizza: Cremini mushroom, baby spinach, caramelized onion, mozzarella and Montalban cheese, Pine nut, garlic olive oil, parsley",20160311202646
Pizzeria Hours & Information,20160311202646
"Pizza: Cremini mushroom, baby spinach, caramelized onion, mozzarella and Montalban cheese, Pine nut, garlic olive oil, parsley",20160314135533
Pizzeria Hours & Information,20160314135533
Pizza: ,20160321030333
Pizzeria Hours & Information,20160321030333
"Pizza: Crushed  tomato, red onion, mozzarella and Parmigiano-Reggiano cheese, garlic olive oil, parsley, oregano",20160330060951
Pizzeria Hours & Information,20160330060951
"Pizza: Crushed  tomato, red onion, mozzarella and Parmigiano-Reggiano cheese, garlic olive oil, parsley, oregano",20160401195302
Pizzeria Hours & Information,20160401195302
CHEESE BOARD PIZZA IS HIRING! Click here,20160406123044
Pizzeria Hours & Information,20160406123044
"Pizza: Red bell pepper, onion, mozzarella and Valbreso feta cheese, kalamata olive tapenade, parsley ",20160413195150
 ,20160413195150
"Pizza: Cremini mushroom, baby dino kale, mozzarella and fresh Capricho de Cabra goat cheese, garlic olive oil, parsley and oregano ",20160422004004
 ,20160422004004
"Pizza:  Summer squash, onion, mozzarella and Parmesan cheese, toasted garlic, Pine nut, garlic olive oil, basil",20160426184804
 ,20160426184804
"Pizza:  Summer squash, onion, mozzarella and Parmesan cheese, toasted garlic, Pine nut, garlic olive oil, basil",20160430200019
 ,20160430200019
"Pizza: Four cheese pizza: mozzarella, Fontina, local Belfiore ricotta, Parmesan, onion, basil pine nut pesto",20160506121110
 ,20160506121110
"Pizza: Four cheese pizza: mozzarella, Fontina, local Belfiore ricotta, Parmesan, onion, basil pine nut pesto",20160508004604
 ,20160508004604
"Pizza: Artichoke heart, baby spinach, mozzarella and Moliterno truffle Pecorino, garlic olive oil, parsley, lemon zest",20160515234554
 ,20160515234554
Pizza: ,20160523135828
 ,20160523135828
"Pizza: Cherry tomato, red onion, mozzarella and Parmesan cheese, toasted garlic, garlic olive oil, parsley and oregano
",20160601013116
 ,20160601013116
"Pizza: Cheese Board made tomato sauce, mozzarella and buffalo Parmesan cheese, wild arugula in a lemon vinaigrette",20160609025747
 ,20160609025747
"Pizza: Broccolini, red onion, smoked mozzarella cheese, garlic olive oil, oregano, parsley",20160617023345
 ,20160617023345
"Pizza: Cremini mushroom, onion, mozzarella and Montalban manchego cheese, arugula in a lemon vinaigrette",20160625185629
 ,20160625185629
"Pizza: Cremini mushroom, onion, mozzarella and fresh Caprichio de Cabra goat cheese, garlic olive oil, parsley, oregano",20160703022911
 ,20160703022911
"Pizza: Four Cheese Pizza: Mozzarella, fresh Asiago, Dunbarton Blue, Parmesan, yellow, red, and green onion, garlic olive oil, parsley, oregano  ",20160712195103
 ,20160712195103
"Pizza: Four Cheese Pizza: Mozzarella, fresh Asiago, Dunbarton Blue, Parmesan, yellow, red, and green onion, garlic olive oil, parsley, oregano  ",20160714044235
 ,20160714044235
"Pizza: Heirloom cherry tomato, onion, mozzarella and Parmesan cheese, garlic olive oil, parsley ",20160723142527
 ,20160723142527
Pizza: ,20160725023534
 ,20160725023534
Pizza: Closed,20160802061237
 ,20160802061237
"Pizza: Cherry tomato, red onion, mozzarella and Valbreso feta cheese, garlic olive oil, cilantro, lemon juice, lemon zest",20160811155824
 ,20160811155824
"Pizza: Cremini mushroom, onion, mozzarella and Montalban Manchego  cheese, arugula with a lemon vinaigrette",20160823065453
 ,20160823065453
"Pizza: Zucchini, red bell pepper, mozzarella and Sky Hill fresh goat cheese, Kalamata olive, garlic olive oil, parsley, oregano ",20160907090712
 ,20160907090712
Pizza: ,20160918142201
 ,20160918142201
"Pizza: Four cheese pizza: mozzarella, fresh Asiago, Parmesan, Dunbarton blue cheese, red, green, and yellow onion, garlic olive oil, parsley, oregano ",20160923180226
 ,20160923180226
"Pizza: Four cheese pizza: mozzarella, fresh Asiago, Parmesan, Dunbarton blue cheese, red, green, and yellow onion, garlic olive oil, parsley, oregano ",20160925051702
 ,20160925051702
Pizza: ,20161016103355
 ,20161016103355
"Pizza: End of the season corn week! Last corn pizzas of the year:  roasted corn, Olson farm heirloom tomato, mozzarella and Queso Fresco, garlic olive oil, lemon juice, lemon zest, cilantro",20161021174346
 ,20161021174346
"Pizza: En-corn! (by popular demand one more day of corn pizza for the year) corn, onion, pasilla pepper, mozzarella and greek Feta cheese, garlic olive oil, cilantro, lime",20161026044840
 ,20161026044840
"Pizza: En-corn! (by popular demand one more day of corn pizza for the year) corn, onion, pasilla pepper, mozzarella and greek Feta cheese, garlic olive oil, cilantro, lime",20161027025000
 ,20161027025000
"Pizza: Red bell pepper, red onion, mozzarella and Greek feta cheese, artichoke heart and Kalamata olive tapenade, garlic olive oil, parsley",20161119044250
 ,20161119044250
"Pizza: Crushed tomato, red onion, mozzarella and cave aged Gruyere cheese, garlic olive oil, parsley and oregano",20161127085452
 ,20161127085452
"Artichoke heart, baby spinach, mozzarella and Berkeley-made Belfiore fresh ricotta cheese; garnished with garlic olive oil, organic lemon zest and Italian parsley",20190122064254
"Broccolini, caper, mozzarella and Berkeley-made Belfiore fresh ricotta cheese; garnished with garlic olive oil, organic lemon zest and Italian parsley",20190122064254
"Cheese Board Style Marghertia: Crushed tomato, mozzarella and Berkeley-made Belfiore fresh Mozzarella; garnished with garlic olive oil, Italian parsley and oregano",20190122064254
"Cremini mushroom, baby kale, mozzarella, toasted pine nut; garnished with Parmesan, garlic olive oil, parsley",20190122064254
"Red bell pepper, spinach, red onion, mozzarella and feta cheese; garnished with kalamata and green olive tapenade, parsley  ",20190122064254
"Crimini mushroom, onion, mozzarella and Skyhill Farm goat cheese; garnished with garlic olive oil, Italian parsley and oregano",20190122064254
"Artichoke heart, baby spinach, mozzarella and Berkeley-made Belfiore fresh ricotta cheese; garnished with garlic olive oil, organic lemon zest and Italian parsley",20190122064255
"Broccolini, caper, mozzarella and Berkeley-made Belfiore fresh ricotta cheese; garnished with garlic olive oil, organic lemon zest and Italian parsley",20190122064255
"Cheese Board Style Marghertia: Crushed tomato, mozzarella and Berkeley-made Belfiore fresh Mozzarella; garnished with garlic olive oil, Italian parsley and oregano",20190122064255
"Cremini mushroom, baby kale, mozzarella, toasted pine nut; garnished with Parmesan, garlic olive oil, parsley",20190122064255
"Red bell pepper, spinach, red onion, mozzarella and feta cheese; garnished with kalamata and green olive tapenade, parsley  ",20190122064255
"Crimini mushroom, onion, mozzarella and Skyhill Farm goat cheese; garnished with garlic olive oil, Italian parsley and oregano",20190122064255
"Crimini mushroom, onion, mozzarella and Skyhill Farm goat cheese; garnished with garlic olive oil, Italian parsley and oregano",20190127142556
"Crimini mushroom, onion, mozzarella and Skyhill Farm goat cheese; garnished with garlic olive oil, Italian parsley and oregano",20190127142557
"Crimini mushroom, caramelized onion, baby spinach, mozzarella and fresh Asiago cheese, pine nut; garnished with garlic olive oil and Italian parsley",20190307151724
"Asparagus, mozzarella and Ossau-Iraty cheese; garnished with baby arugula and sugar snap pea in a lemon-mint vinaigrette",20190307151724
"Crushed tomato, onion, mozzarella and Valbreso feta cheese; garnished with garlic olive oil, organic lemon zest and lemon juice, fresh cilantro",20190307151724
"Cheese Board's four cheese-three onion pizza:  Aged Asiago, mozzarella and Berkeley-made Belfiore fresh ricotta cheese; yellow, red and green onion; garnished with parmesan cheese, garlic olive oil and Italian parsley",20190307151724
"Crimini mushroom, caramelized onion, baby spinach, mozzarella and fresh Asiago cheese, pine nut; garnished with garlic olive oil and Italian parsley",20190307151725
"Asparagus, mozzarella and Ossau-Iraty cheese; garnished with baby arugula and sugar snap pea in a lemon-mint vinaigrette",20190307151725
"Crushed tomato, onion, mozzarella and Valbreso feta cheese; garnished with garlic olive oil, organic lemon zest and lemon juice, fresh cilantro",20190307151725
"Cheese Board's four cheese-three onion pizza:  Aged Asiago, mozzarella and Berkeley-made Belfiore fresh ricotta cheese; yellow, red and green onion; garnished with parmesan cheese, garlic olive oil and Italian parsley",20190307151725
"Asparagus, mozzarella and Ossau-Iraty cheese; garnished with baby arugula and sugar snap pea in a lemon-mint vinaigrette",20190308152950
"Crushed tomato, onion, mozzarella and Valbreso feta cheese; garnished with garlic olive oil, organic lemon zest and lemon juice, fresh cilantro",20190308152950
"Cheese Board's four cheese-three onion pizza:  Aged Asiago, mozzarella and Berkeley-made Belfiore fresh ricotta cheese; yellow, red and green onion; garnished with parmesan cheese, garlic olive oil and Italian parsley",20190308152950
"Asparagus, mozzarella and Ossau-Iraty cheese; garnished with baby arugula and sugar snap pea in a lemon-mint vinaigrette",20190308152951
"Crushed tomato, onion, mozzarella and Valbreso feta cheese; garnished with garlic olive oil, organic lemon zest and lemon juice, fresh cilantro",20190308152951
"Cheese Board's four cheese-three onion pizza:  Aged Asiago, mozzarella and Berkeley-made Belfiore fresh ricotta cheese; yellow, red and green onion; garnished with parmesan cheese, garlic olive oil and Italian parsley",20190308152951
"Crushed tomato, onion, mozzarella and Valbreso feta cheese; garnished with garlic olive oil, organic lemon zest and lemon juice, fresh cilantro",20190309152013
"Cheese Board's four cheese-three onion pizza:  Aged Asiago, mozzarella and Berkeley-made Belfiore fresh ricotta cheese; yellow, red and green onion; garnished with parmesan cheese, garlic olive oil and Italian parsley",20190309152013
"Crushed tomato, onion, mozzarella and Valbreso feta cheese; garnished with garlic olive oil, organic lemon zest and lemon juice, fresh cilantro",20190309152014
"Cheese Board's four cheese-three onion pizza:  Aged Asiago, mozzarella and Berkeley-made Belfiore fresh ricotta cheese; yellow, red and green onion; garnished with parmesan cheese, garlic olive oil and Italian parsley",20190309152014
"Cheese Board's four cheese-three onion pizza:  Aged Asiago, mozzarella and Berkeley-made Belfiore fresh ricotta cheese; yellow, red and green onion; garnished with parmesan cheese, garlic olive oil and Italian parsley",20190310155704
"Cheese Board's four cheese-three onion pizza:  Aged Asiago, mozzarella and Berkeley-made Belfiore fresh ricotta cheese; yellow, red and green onion; garnished with parmesan cheese, garlic olive oil and Italian parsley",20190310155705
"Crimini mushroom, red onion, mozzarella cheese; garnished with truffle pecorino cheese and organic baby arugula in a lemon vinaigrette",20190622081914
"Zucchini, red onion, mozzarella and Valbreso feta cheese; garnished with garlic olive oil, organic lemon zest and Italian parsley",20190622081914
"Crimini mushroom, red onion, mozzarella cheese; garnished with truffle pecorino cheese and organic baby arugula in a lemon vinaigrette",20190622081923
"Zucchini, red onion, mozzarella and Valbreso feta cheese; garnished with garlic olive oil, organic lemon zest and Italian parsley",20190622081923
"Zucchini, red onion, mozzarella and Sky Hill Farms goat cheese; garnished with garlic olive oil, organic lemon zest and Italian parsley",20190715183426
"Red bell pepper, organic baby spinach, mozzarella and Valbreso feta cheese; garnished with house made olive tapenade ",20190715183426
"Crimini mushroom, green bell pepper, mozzarella and Valbreso feta cheese; garnished with garlic olive oil and Italian parsley",20190715183426
"Corn, onion, organic zucchini (Golden Rule Organics), Valbreso feta and mozzarella cheese; garnished with garlic olive oil, cilantro, and fresh lime",20190715183426
"Cherry tomato, onion, Valbreso feta and mozzarella cheese;  garnished with garlic olive oil, lemon juice, organic lemon zest, and cilantro",20190715183426
"Artichoke heart, organic baby spinach, mozzarella and Berkeley-made fresh ricotta cheese (Belfiore); garnished with garlic olive oil, organic lemon zest and Italian parsley",20190715183426
"Zucchini, red onion, mozzarella and Sky Hill Farms goat cheese; garnished with garlic olive oil, organic lemon zest and Italian parsley",20190715183426
"Red bell pepper, organic baby spinach, mozzarella and Valbreso feta cheese; garnished with house made olive tapenade ",20190715183426
"Crimini mushroom, green bell pepper, mozzarella and Valbreso feta cheese; garnished with garlic olive oil and Italian parsley",20190715183426
"Corn, onion, organic zucchini (Golden Rule Organics), Valbreso feta and mozzarella cheese; garnished with garlic olive oil, cilantro, and fresh lime",20190715183426
"Cherry tomato, onion, Valbreso feta and mozzarella cheese;  garnished with garlic olive oil, lemon juice, organic lemon zest, and cilantro",20190715183426
"Artichoke heart, organic baby spinach, mozzarella and Berkeley-made fresh ricotta cheese (Belfiore); garnished with garlic olive oil, organic lemon zest and Italian parsley",20190715183426
"Roasted eggplant, house made tomato sauce, and mozzarella cheese; garnished with garlic-parmesan-basil breadcrumbs",20190725005457
"Corn, pasilla pepper, red onion, Valbreso feta cheese, and mozzarella cheese; garnished with garlic olive oil, cilantro, and lime",20190725005457
"Heirloom tomato (Full Belly Farms), herbed ricotta cheese, and mozzarella cheese; garnished with garlic olive oil and Italian parsley",20190725005457
"Crimini mushroom, goat cheese (Sky Hill Farms), red onion, and mozzarella cheese; garnished with garlic olive oil, oregano, and Italian parsley",20190725005457
"Green, yellow, and red onion, mozzarella cheese, and Asiago cheese; garnished with Dunbarton blue cheese, garlic olive oil, and Italian parsley",20190725005457
"Roasted eggplant, house made tomato sauce, and mozzarella cheese; garnished with garlic-parmesan-basil breadcrumbs",20190725005458
"Corn, pasilla pepper, red onion, Valbreso feta cheese, and mozzarella cheese; garnished with garlic olive oil, cilantro, and lime",20190725005458
"Heirloom tomato (Full Belly Farms), herbed ricotta cheese, and mozzarella cheese; garnished with garlic olive oil and Italian parsley",20190725005458
"Crimini mushroom, goat cheese (Sky Hill Farms), red onion, and mozzarella cheese; garnished with garlic olive oil, oregano, and Italian parsley",20190725005458
"Green, yellow, and red onion, mozzarella cheese, and Asiago cheese; garnished with Dunbarton blue cheese, garlic olive oil, and Italian parsley",20190725005458
"Heirloom tomato (Oya Organics), red onion, Berkeley-made fresh ricotta cheese (Belfiore), and mozzarella cheese;  garnished with garlic olive oil and Italian parsley",20190801202528
"Red and yellow bell pepper, Valbreso feta cheese, and mozzarella cheese;  garnished with house made olive tapenade and Italian parsley",20190801202528
"Corn, zucchini, red onion, Valbreso feta cheese, and mozzarella cheese;  garnished with garlic olive oil, cilantro, and lime",20190801202528
"The pizzeria will be closed from August 6, 2019 through August 12, 2019 for our annual summer break.  We will open again on Tuesday, August 13, 2019.",20190801202528
"The pizzeria will be closed from August 6, 2019 through August 12, 2019 for our annual summer break.  We will open again on Tuesday, August 13, 2019.",20190801202528
"The pizzeria will be closed from August 6, 2019 through August 12, 2019 for our annual summer break.  We will open again on Tuesday, August 13, 2019.",20190801202528
"Heirloom tomato (Oya Organics), red onion, Berkeley-made fresh ricotta cheese (Belfiore), and mozzarella cheese;  garnished with garlic olive oil and Italian parsley",20190801202529
"Red and yellow bell pepper, Valbreso feta cheese, and mozzarella cheese;  garnished with house made olive tapenade and Italian parsley",20190801202529
"Corn, zucchini, red onion, Valbreso feta cheese, and mozzarella cheese;  garnished with garlic olive oil, cilantro, and lime",20190801202529
"The pizzeria will be closed from August 6, 2019 through August 12, 2019 for our annual summer break.  We will open again on Tuesday, August 13, 2019.",20190801202529
"The pizzeria will be closed from August 6, 2019 through August 12, 2019 for our annual summer break.  We will open again on Tuesday, August 13, 2019.",20190801202529
"The pizzeria will be closed from August 6, 2019 through August 12, 2019 for our annual summer break.  We will open again on Tuesday, August 13, 2019.",20190801202529
"Heirloom tomato (Oya Organics), fennel, Asiago cheese, mozzarella cheese;  garnished with garlic olive oil and Italian parsley",20190820011842
"Mushroom, green bell pepper, Valbreso feta cheese, mozzarella cheese;  garnished with garlic olive oil and Italian parsley",20190820011842
Organic peach (Peach Jamboree) and mozzarella cheese;  garnished with Dunbarton blue cheese and arugula dressed in lemon vinaigrette,20190820011842
"Corn, red onion, zucchini, Valbreso feta cheese, mozzarella cheese; garnished with garlic olive oil, lime, and cilantro",20190820011842
"Organic Gypsy pepper (Oya Organics), red onion, Montalbano cheese, mozzarella cheese;  garnished with arugula dressed in sherry vinaigrette",20190820011842
"Zucchini, Valbreso feta cheese, mozzarella cheese;  garnished with garlic olive oil and Italian parsley",20190820011842
"Heirloom tomato (Oya Organics), fennel, Asiago cheese, mozzarella cheese;  garnished with garlic olive oil and Italian parsley",20190820011842
"Mushroom, green bell pepper, Valbreso feta cheese, mozzarella cheese;  garnished with garlic olive oil and Italian parsley",20190820011842
Organic peach (Peach Jamboree) and mozzarella cheese;  garnished with Dunbarton blue cheese and arugula dressed in lemon vinaigrette,20190820011842
"Corn, red onion, zucchini, Valbreso feta cheese, mozzarella cheese; garnished with garlic olive oil, lime, and cilantro",20190820011842
"Organic Gypsy pepper (Oya Organics), red onion, Montalbano cheese, mozzarella cheese;  garnished with arugula dressed in sherry vinaigrette",20190820011842
"Zucchini, Valbreso feta cheese, mozzarella cheese;  garnished with garlic olive oil and Italian parsley",20190820011842
"Organic zucchini (Oya Organics), onion, Valbreso feta cheese, and mozzarella cheese;  garnished with garlic olive oil, organic lemon zest, and Italian parsley",20190917051217
"Fresh tomato, onion, and mozzarella cheese;  garnished with Ossau Iraty cheese, garlic olive oil, basil, and Italian parsley",20190917051217
Fig and mozzarella cheese;  garnished with blue cheese and arugula dressed in lemon vinaigrette,20190917051217
"Corn, red onion, Valbreso feta cheese, and mozzarella cheese;  garnished with house made avocado sauce",20190917051217
"Fresh tomato, onion, and mozzarella cheese;  garnished with garlic olive oil and basil-parmesan",20190917051217
"Crimini mushroom, onion and mozzarella cheese;  garnished with Moliterno truffle Pecorino cheese and arugula dressed in lemon vinaigrette",20190917051217
"Organic zucchini (Oya Organics), onion, Valbreso feta cheese, and mozzarella cheese;  garnished with garlic olive oil, organic lemon zest, and Italian parsley",20190917051217
"Fresh tomato, onion, and mozzarella cheese;  garnished with Ossau Iraty cheese, garlic olive oil, basil, and Italian parsley",20190917051217
Fig and mozzarella cheese;  garnished with blue cheese and arugula dressed in lemon vinaigrette,20190917051217
"Corn, red onion, Valbreso feta cheese, and mozzarella cheese;  garnished with house made avocado sauce",20190917051217
"Fresh tomato, onion, and mozzarella cheese;  garnished with garlic olive oil and basil-parmesan",20190917051217
"Crimini mushroom, onion and mozzarella cheese;  garnished with Moliterno truffle Pecorino cheese and arugula dressed in lemon vinaigrette",20190917051217
"Red and yellow bell pepper, onion, Valbreso feta cheese, and mozzarella cheese;  garnished with house made olive tapenade and Italian parsley",20191001094950
"Corn, onion, and mozzarella cheese;  garnished with queso fresco cheese, house made tomatillo sauce, and fresh cilantro",20191001094950
"Organic Early Girl tomato (Oya Organics), onion, cheddar cheese, and mozzarella cheese;  garnished with garlic olive oil, Italian parsley, and oregano",20191001094950
"Baby chard, baby kale, leeks, and mozzarella cheese;  garnished with garlic olive oil, Montalban cheese, orange zest, lemon zest, and Italian parsley",20191001094950
"Crimini mushroom, baby spinach, caramelized onion, pine nut, Asiago cheese, and mozzarella cheese; garnished with garlic olive oil and Italian parsley",20191001094950
"Organic tomato (Oya Organics), onion, Fontina cheese, and mozzarella cheese;  garnished with garlic olive oil, Italian parsley, and oregano",20191001094950
"Red and yellow bell pepper, onion, Valbreso feta cheese, and mozzarella cheese;  garnished with house made olive tapenade and Italian parsley",20191001094951
"Corn, onion, and mozzarella cheese;  garnished with queso fresco cheese, house made tomatillo sauce, and fresh cilantro",20191001094951
"Organic Early Girl tomato (Oya Organics), onion, cheddar cheese, and mozzarella cheese;  garnished with garlic olive oil, Italian parsley, and oregano",20191001094951
"Baby chard, baby kale, leeks, and mozzarella cheese;  garnished with garlic olive oil, Montalban cheese, orange zest, lemon zest, and Italian parsley",20191001094951
"Crimini mushroom, baby spinach, caramelized onion, pine nut, Asiago cheese, and mozzarella cheese; garnished with garlic olive oil and Italian parsley",20191001094951
"Organic tomato (Oya Organics), onion, Fontina cheese, and mozzarella cheese;  garnished with garlic olive oil, Italian parsley, and oregano",20191001094951
"Red and yellow bell pepper, onion, Valbreso feta cheese, and mozzarella cheese;  garnished with house made olive tapenade and Italian parsley",20191004033450
"Corn, onion, and mozzarella cheese;  garnished with queso fresco cheese, house made tomatillo sauce, and fresh cilantro",20191004033450
"Organic Early Girl tomato (Oya Organics), onion, cheddar cheese, and mozzarella cheese;  garnished with garlic olive oil, Italian parsley, and oregano",20191004033450
"Baby chard, baby kale, leeks, and mozzarella cheese;  garnished with garlic olive oil, Montalban cheese, orange zest, lemon zest, and Italian parsley",20191004033450
"Crimini mushroom, baby spinach, caramelized onion, pine nut, Asiago cheese, and mozzarella cheese; garnished with garlic olive oil and Italian parsley",20191004033450
"Organic tomato (Oya Organics), onion, Fontina cheese, and mozzarella cheese;  garnished with garlic olive oil, Italian parsley, and oregano",20191004033450
"Artichoke heart, baby spinach, Berkeley-made fresh ricotta cheese (Belfiore), and mozzarella cheese;  garnished with garlic olive oil, organic lemon zest, and Italian parsley",20191111173248
"Red and yellow bell pepper, onion, Valbreso feta cheese, and mozzarella cheese;  garnished with house made olive tapenade and Italian parsley",20191111173248
"Tomato, onion, Gruyère cheese, and mozzarella cheese;  garnished with garlic olive oil, oregano, and Italian parsley",20191111173248
"Roasted eggplant and mozzarella cheese; garnished with house made tzatziki sauce, fried spiced chickpea, mint, and Italian parsley",20191111173248
"Cremini mushroom, caramelized onion, organic baby spinach, pine nut, fresh Asiago cheese, and mozzarella cheese; garnished with garlic olive oil and Italian parsley",20191111173248
"Broccolini, onion, cheddar cheese, and mozzarella cheese;  garnished with garlic olive oil, lemon zest, and Italian parsley",20191111173248
"Artichoke heart, baby spinach, Berkeley-made fresh ricotta cheese (Belfiore), and mozzarella cheese;  garnished with garlic olive oil, organic lemon zest, and Italian parsley",20191111173249
"Red and yellow bell pepper, onion, Valbreso feta cheese, and mozzarella cheese;  garnished with house made olive tapenade and Italian parsley",20191111173249
"Tomato, onion, Gruyère cheese, and mozzarella cheese;  garnished with garlic olive oil, oregano, and Italian parsley",20191111173249
"Roasted eggplant and mozzarella cheese; garnished with house made tzatziki sauce, fried spiced chickpea, mint, and Italian parsley",20191111173249
"Cremini mushroom, caramelized onion, organic baby spinach, pine nut, fresh Asiago cheese, and mozzarella cheese; garnished with garlic olive oil and Italian parsley",20191111173249
"Broccolini, onion, cheddar cheese, and mozzarella cheese;  garnished with garlic olive oil, lemon zest, and Italian parsley",20191111173249
"Artichoke heart, baby spinach, Berkeley-made fresh ricotta cheese (Belfiore), and mozzarella cheese;  garnished with garlic olive oil, organic lemon zest, and Italian parsley",20191112185014
"Red and yellow bell pepper, onion, Valbreso feta cheese, and mozzarella cheese;  garnished with house made olive tapenade and Italian parsley",20191112185014
"Tomato, onion, Gruyère cheese, and mozzarella cheese;  garnished with garlic olive oil, oregano, and Italian parsley",20191112185014
"Roasted eggplant and mozzarella cheese; garnished with house made tzatziki sauce, fried spiced chickpea, mint, and Italian parsley",20191112185014
"Cremini mushroom, caramelized onion, organic baby spinach, pine nut, fresh Asiago cheese, and mozzarella cheese; garnished with garlic olive oil and Italian parsley",20191112185014
"Broccolini, onion, cheddar cheese, and mozzarella cheese;  garnished with garlic olive oil, lemon zest, and Italian parsley",20191112185014
"Artichoke heart, baby spinach, Berkeley-made fresh ricotta cheese (Belfiore), and mozzarella cheese;  garnished with garlic olive oil, organic lemon zest, and Italian parsley",20191112185014
"Red and yellow bell pepper, onion, Valbreso feta cheese, and mozzarella cheese;  garnished with house made olive tapenade and Italian parsley",20191112185014
"Tomato, onion, Gruyère cheese, and mozzarella cheese;  garnished with garlic olive oil, oregano, and Italian parsley",20191112185014
"Roasted eggplant and mozzarella cheese; garnished with house made tzatziki sauce, fried spiced chickpea, mint, and Italian parsley",20191112185014
"Cremini mushroom, caramelized onion, organic baby spinach, pine nut, fresh Asiago cheese, and mozzarella cheese; garnished with garlic olive oil and Italian parsley",20191112185014
"Broccolini, onion, cheddar cheese, and mozzarella cheese;  garnished with garlic olive oil, lemon zest, and Italian parsley",20191112185014
"Artichoke heart, baby spinach, Berkeley-made fresh ricotta cheese (Belfiore), and mozzarella cheese;  garnished with garlic olive oil, organic lemon zest, and Italian parsley",20191112185015
"Red and yellow bell pepper, onion, Valbreso feta cheese, and mozzarella cheese;  garnished with house made olive tapenade and Italian parsley",20191112185015
"Tomato, onion, Gruyère cheese, and mozzarella cheese;  garnished with garlic olive oil, oregano, and Italian parsley",20191112185015
"Roasted eggplant and mozzarella cheese; garnished with house made tzatziki sauce, fried spiced chickpea, mint, and Italian parsley",20191112185015
"Cremini mushroom, caramelized onion, organic baby spinach, pine nut, fresh Asiago cheese, and mozzarella cheese; garnished with garlic olive oil and Italian parsley",20191112185015
"Broccolini, onion, cheddar cheese, and mozzarella cheese;  garnished with garlic olive oil, lemon zest, and Italian parsley",20191112185015
"Red and yellow bell pepper, onion, Valbreso feta cheese, and mozzarella cheese;  garnished with house made olive tapenade and Italian parsley",20191113190346
"Tomato, onion, Gruyère cheese, and mozzarella cheese;  garnished with garlic olive oil, oregano, and Italian parsley",20191113190346
"Roasted eggplant and mozzarella cheese; garnished with house made tzatziki sauce, fried spiced chickpea, mint, and Italian parsley",20191113190346
"Cremini mushroom, caramelized onion, organic baby spinach, pine nut, fresh Asiago cheese, and mozzarella cheese; garnished with garlic olive oil and Italian parsley",20191113190346
"Broccolini, onion, cheddar cheese, and mozzarella cheese;  garnished with garlic olive oil, lemon zest, and Italian parsley",20191113190346
"Red and yellow bell pepper, onion, Valbreso feta cheese, and mozzarella cheese;  garnished with house made olive tapenade and Italian parsley",20191113190346
"Tomato, onion, Gruyère cheese, and mozzarella cheese;  garnished with garlic olive oil, oregano, and Italian parsley",20191113190346
"Roasted eggplant and mozzarella cheese; garnished with house made tzatziki sauce, fried spiced chickpea, mint, and Italian parsley",20191113190346
"Cremini mushroom, caramelized onion, organic baby spinach, pine nut, fresh Asiago cheese, and mozzarella cheese; garnished with garlic olive oil and Italian parsley",20191113190346
"Broccolini, onion, cheddar cheese, and mozzarella cheese;  garnished with garlic olive oil, lemon zest, and Italian parsley",20191113190346
"Red and yellow bell pepper, onion, Valbreso feta cheese, and mozzarella cheese;  garnished with house made olive tapenade and Italian parsley",20191113190348
"Tomato, onion, Gruyère cheese, and mozzarella cheese;  garnished with garlic olive oil, oregano, and Italian parsley",20191113190348
"Roasted eggplant and mozzarella cheese; garnished with house made tzatziki sauce, fried spiced chickpea, mint, and Italian parsley",20191113190348
"Cremini mushroom, caramelized onion, organic baby spinach, pine nut, fresh Asiago cheese, and mozzarella cheese; garnished with garlic olive oil and Italian parsley",20191113190348
"Broccolini, onion, cheddar cheese, and mozzarella cheese;  garnished with garlic olive oil, lemon zest, and Italian parsley",20191113190348
"Tomato, onion, Gruyère cheese, and mozzarella cheese;  garnished with garlic olive oil, oregano, and Italian parsley",20191114203611
"Roasted eggplant and mozzarella cheese; garnished with house made tzatziki sauce, fried spiced chickpea, mint, and Italian parsley",20191114203611
"Cremini mushroom, caramelized onion, organic baby spinach, pine nut, fresh Asiago cheese, and mozzarella cheese; garnished with garlic olive oil and Italian parsley",20191114203611
"Broccolini, onion, cheddar cheese, and mozzarella cheese;  garnished with garlic olive oil, lemon zest, and Italian parsley",20191114203611
"Tomato, onion, Gruyère cheese, and mozzarella cheese;  garnished with garlic olive oil, oregano, and Italian parsley",20191114203612
"Roasted eggplant and mozzarella cheese; garnished with house made tzatziki sauce, fried spiced chickpea, mint, and Italian parsley",20191114203612
"Cremini mushroom, caramelized onion, organic baby spinach, pine nut, fresh Asiago cheese, and mozzarella cheese; garnished with garlic olive oil and Italian parsley",20191114203612
"Broccolini, onion, cheddar cheese, and mozzarella cheese;  garnished with garlic olive oil, lemon zest, and Italian parsley",20191114203612
"Tomato, onion, Gruyère cheese, and mozzarella cheese;  garnished with garlic olive oil, oregano, and Italian parsley",20191114203613
"Roasted eggplant and mozzarella cheese; garnished with house made tzatziki sauce, fried spiced chickpea, mint, and Italian parsley",20191114203613
"Cremini mushroom, caramelized onion, organic baby spinach, pine nut, fresh Asiago cheese, and mozzarella cheese; garnished with garlic olive oil and Italian parsley",20191114203613
"Broccolini, onion, cheddar cheese, and mozzarella cheese;  garnished with garlic olive oil, lemon zest, and Italian parsley",20191114203613
"Roasted eggplant and mozzarella cheese; garnished with house made tzatziki sauce, fried spiced chickpea, mint, and Italian parsley",20191116074815
"Cremini mushroom, caramelized onion, organic baby spinach, pine nut, fresh Asiago cheese, and mozzarella cheese; garnished with garlic olive oil and Italian parsley",20191116074815
"Broccolini, onion, cheddar cheese, and mozzarella cheese;  garnished with garlic olive oil, lemon zest, and Italian parsley",20191116074815
"Roasted eggplant and mozzarella cheese; garnished with house made tzatziki sauce, fried spiced chickpea, mint, and Italian parsley",20191116074816
"Cremini mushroom, caramelized onion, organic baby spinach, pine nut, fresh Asiago cheese, and mozzarella cheese; garnished with garlic olive oil and Italian parsley",20191116074816
"Broccolini, onion, cheddar cheese, and mozzarella cheese;  garnished with garlic olive oil, lemon zest, and Italian parsley",20191116074816
"Roasted eggplant and mozzarella cheese; garnished with house made tzatziki sauce, fried spiced chickpea, mint, and Italian parsley",20191116074818
"Cremini mushroom, caramelized onion, organic baby spinach, pine nut, fresh Asiago cheese, and mozzarella cheese; garnished with garlic olive oil and Italian parsley",20191116074818
"Broccolini, onion, cheddar cheese, and mozzarella cheese;  garnished with garlic olive oil, lemon zest, and Italian parsley",20191116074818
"Roasted eggplant and mozzarella cheese; garnished with house made tzatziki sauce, fried spiced chickpea, mint, and Italian parsley",20191117105030
"Cremini mushroom, caramelized onion, organic baby spinach, pine nut, fresh Asiago cheese, and mozzarella cheese; garnished with garlic olive oil and Italian parsley",20191117105030
"Broccolini, onion, cheddar cheese, and mozzarella cheese;  garnished with garlic olive oil, lemon zest, and Italian parsley",20191117105030
"Cremini mushroom, caramelized onion, baby kale, pine nut, mozzarella cheese, and fresh Asiago cheese;  garnished with garlic olive oil and Italian parsley",20191221094616
"**The pizzeria will be open for lunch service only today from 11:30 AM- 3:00 PM**  Tomato, onion, cheddar cheese, and mozzarella cheese;  garnished with garlic olive oil, oregano, and Italian parsley",20191221094616
"The Cheese Board Collective is closed today.  We will reopen on Tuesday, January 14, 2020.  See you then!",20200105015444
"The Cheese Board Collective is closed today.  We will reopen on Tuesday, January 14, 2020.  See you then!",20200105015444
"The Cheese Board Collective is closed today.  We will reopen on Tuesday, January 14, 2020.  See you then!",20200105015444
"The Cheese Board Collective is closed today.  We will reopen on Tuesday, January 14, 2020.  See you then!",20200105015444
"The Cheese Board Collective is closed today.  We will reopen on Tuesday, January 14, 2020.  See you then!",20200111024729
"The Cheese Board Collective is closed today.  We will reopen on Tuesday, January 14, 2020.  See you then!",20200111024729
"The Cheese Board Collective is closed today.  We will reopen on Tuesday, January 14, 2020.  See you then!",20200111024729
"The Cheese Board Collective is closed today.  We will reopen on Tuesday, January 14, 2020.  See you then!",20200111024729
"The Cheese Board Collective is closed today.  We will reopen on Tuesday, January 14, 2020.  See you then!",20200111024730
"The Cheese Board Collective is closed today.  We will reopen on Tuesday, January 14, 2020.  See you then!",20200111024730
"The Cheese Board Collective is closed today.  We will reopen on Tuesday, January 14, 2020.  See you then!",20200111024730
"The Cheese Board Collective is closed today.  We will reopen on Tuesday, January 14, 2020.  See you then!",20200111024730
"The Cheese Board Collective is closed today.  We will reopen on Tuesday, January 14, 2020.  See you then!",20200112065628
"The Cheese Board Collective is closed today.  We will reopen on Tuesday, January 14, 2020.  See you then!",20200112065628
"The Cheese Board Collective is closed today.  We will reopen on Tuesday, January 14, 2020.  See you then!",20200112065628
"The Cheese Board Collective is closed today.  We will reopen on Tuesday, January 14, 2020.  See you then!",20200112065632
"The Cheese Board Collective is closed today.  We will reopen on Tuesday, January 14, 2020.  See you then!",20200112065632
"The Cheese Board Collective is closed today.  We will reopen on Tuesday, January 14, 2020.  See you then!",20200112065632
"The Cheese Board Collective is closed today.  We will reopen on Tuesday, January 14, 2020.  See you then!",20200112065633
"The Cheese Board Collective is closed today.  We will reopen on Tuesday, January 14, 2020.  See you then!",20200112065633
"The Cheese Board Collective is closed today.  We will reopen on Tuesday, January 14, 2020.  See you then!",20200112065633
"Cremini mushroom, onion, goat cheese (Sky Hill Farm), and mozzarella cheese;  garnished with garlic olive oil, oregano, and Italian parsley",20200113070139
"Broccolini, red onion, cheddar cheese, and mozzarella cheese;  garnished with garlic olive oil, organic lemon zest, and Italian parsley",20200113070139
House made tomato sauce and mozzarella cheese;  garnished with Parmigiano Reggiano cheese and arugula dressed in lemon vinaigrette,20200113070139
"Roasted potato, pasilla pepper, onion, Valbreso feta cheese, and mozzarella cheese;  garnished with garlic olive oil, cilantro, and lime",20200113070139
"Crushed tomato, red onion, Asiago cheese, and mozzarella cheese;  garnished with garlic olive oil, oregano, and Italian parsley",20200113070139
"Cremini mushroom, onion, goat cheese (Sky Hill Farm), and mozzarella cheese;  garnished with garlic olive oil, oregano, and Italian parsley",20200113070142
"Broccolini, red onion, cheddar cheese, and mozzarella cheese;  garnished with garlic olive oil, organic lemon zest, and Italian parsley",20200113070142
House made tomato sauce and mozzarella cheese;  garnished with Parmigiano Reggiano cheese and arugula dressed in lemon vinaigrette,20200113070142
"Roasted potato, pasilla pepper, onion, Valbreso feta cheese, and mozzarella cheese;  garnished with garlic olive oil, cilantro, and lime",20200113070142
"Crushed tomato, red onion, Asiago cheese, and mozzarella cheese;  garnished with garlic olive oil, oregano, and Italian parsley",20200113070142
"Cremini mushroom, onion, goat cheese (Sky Hill Farm), and mozzarella cheese;  garnished with garlic olive oil, oregano, and Italian parsley",20200113070143
"Broccolini, red onion, cheddar cheese, and mozzarella cheese;  garnished with garlic olive oil, organic lemon zest, and Italian parsley",20200113070143
House made tomato sauce and mozzarella cheese;  garnished with Parmigiano Reggiano cheese and arugula dressed in lemon vinaigrette,20200113070143
"Roasted potato, pasilla pepper, onion, Valbreso feta cheese, and mozzarella cheese;  garnished with garlic olive oil, cilantro, and lime",20200113070143
"Crushed tomato, red onion, Asiago cheese, and mozzarella cheese;  garnished with garlic olive oil, oregano, and Italian parsley",20200113070143
"Cremini mushroom, caramelized onion, baby spinach, pine nut, mozzarella cheese, and fresh Asiago cheese;  garnished with garlic olive oil and Italian parsley",20200215181447
"Artichoke, baby spinach, fresh Berkeley-made ricotta cheese (Belfiore), and mozzarella cheese;  garnished with garlic olive oil, organic lemon zest, and Italian parsley",20200215181447
The pizzeria is closed today.  We hope you are safe and well and look forward to making pizza for you soon!,20200326145808
The pizzeria is closed today.  We hope you are safe and well and look forward to making pizza for you soon!,20200326145808
The pizzeria is closed today.  We hope you are safe and well and look forward to making pizza for you soon!,20200326145808
The pizzeria is closed today.  We hope you are safe and well and look forward to making pizza for you soon!,20200326145808
The pizzeria is closed today.  We hope you are safe and well and look forward to making pizza for you soon!,20200326145808
The pizzeria is closed today.  We hope you are safe and well and look forward to making pizza for you soon!,20200326145808
The pizzeria is closed today.  We hope you are safe and well and look forward to making pizza for you soon!,20200326145808
The pizzeria is closed today.  We hope you are safe and well and look forward to making pizza for you soon!,20200326150510
The pizzeria is closed today.  We hope you are safe and well and look forward to making pizza for you soon!,20200326150510
The pizzeria is closed today.  We hope you are safe and well and look forward to making pizza for you soon!,20200326150510
The pizzeria is closed today.  We hope you are safe and well and look forward to making pizza for you soon!,20200326150510
The pizzeria is closed today.  We hope you are safe and well and look forward to making pizza for you soon!,20200326150510
The pizzeria is closed today.  We hope you are safe and well and look forward to making pizza for you soon!,20200326150510
The pizzeria is closed today.  We hope you are safe and well and look forward to making pizza for you soon!,20200326150510
The pizzeria is closed today.  We hope you are safe and well and look forward to making pizza for you soon!,20200511192250
"***Partially baked pizzas by pre-order only.  Please use the online store***Artichoke, baby spinach, fresh ricotta made in Berkeley by Belfiore, mozzarella, lemon zest, garlic olive oil, Italian parsley",20200603191925
"***Partially baked pizzas by pre-order only.  Please use the online store*** Our 4-cheese, 3-onion pie: Mozzarella, fresh ricotta made in Berkeley by Belfiore, Dunbarton blue cheese, and parmesan;  red, yellow, and organic green spring onion (Golden Rule Organics);  garlic olive oil;  Italian parsley",20200603191925
***Partially baked pizzas by pre-order only.  Please use the online store*** Our house made tomato sauce topped with mozzarella and Parmigiano Reggiano and garnished with arugula dressed in lemon vinaigrette,20200603191925
"***Partially baked pizzas by pre-order only.  Please use the online store***Crimini mushroom, red onion, goat cheese (Skyhill Farms), mozzarella, garlic olive oil, Italian parsley",20200603191925
"***This week we are offering partially baked pizzas to finish cooking at home. There are limited vegan, gluten-free friendly, and vegan+gluten-free friendly pizzas available also*** Zucchini, fresh ricotta made in Berkeley by Belfiore, mozzarella cheese, and basil pesto (contains pine nut)",20200617044714
"***This week we are offering partially baked pizzas to finish cooking at home. There are limited vegan, gluten-free friendly, and vegan+gluten-free friendly pizzas available also*** Shiitake mushroom, leek, mozzarella cheese, and sesame-ginger sauce",20200617044714
"***This week we are offering partially baked pizzas to finish cooking at home. There are limited vegan, gluten-free friendly, and vegan+gluten-free friendly pizzas available also*** In celebration of Juneteenth!Okra, tomato, Skyhill Farms goat cheese, mozzarella cheese, garlic olive oil, and cilantro",20200617044714
"***This week we are offering partially baked pizzas to finish cooking at home. There are limited vegan, gluten-free friendly, and vegan+gluten-free friendly pizzas available also*** House made smoky tomato sauce and mozzarella cheese garnished with arugula dressed in lemon vinaigrette",20200617044714
"***This week we are offering partially baked pizzas to finish cooking at home. There are limited vegan, gluten-free friendly, and vegan+gluten-free friendly pizzas available also***  Cremini mushroom, truffle Pecorino cheese, mozzarella cheese, garlic olive oil, and Italian parsley",20200617044714
"***This week we are offering partially baked pizzas to finish cooking at home. There are limited vegan, gluten-free friendly, and vegan+gluten-free friendly pizzas available also*** Zucchini, fresh ricotta made in Berkeley by Belfiore, mozzarella cheese, and basil pesto (contains pine nut)",20200617044717
"***This week we are offering partially baked pizzas to finish cooking at home. There are limited vegan, gluten-free friendly, and vegan+gluten-free friendly pizzas available also*** Shiitake mushroom, leek, mozzarella cheese, and sesame-ginger sauce",20200617044717
"***This week we are offering partially baked pizzas to finish cooking at home. There are limited vegan, gluten-free friendly, and vegan+gluten-free friendly pizzas available also*** In celebration of Juneteenth!Okra, tomato, Skyhill Farms goat cheese, mozzarella cheese, garlic olive oil, and cilantro",20200617044717
"***This week we are offering partially baked pizzas to finish cooking at home. There are limited vegan, gluten-free friendly, and vegan+gluten-free friendly pizzas available also*** House made smoky tomato sauce and mozzarella cheese garnished with arugula dressed in lemon vinaigrette",20200617044717
"***This week we are offering partially baked pizzas to finish cooking at home. There are limited vegan, gluten-free friendly, and vegan+gluten-free friendly pizzas available also***  Cremini mushroom, truffle Pecorino cheese, mozzarella cheese, garlic olive oil, and Italian parsley",20200617044717
"***This week we are offering partially baked pizzas to finish cooking at home. There are limited vegan, gluten-free friendly, and vegan+gluten-free friendly pizzas available also*** Zucchini, fresh ricotta made in Berkeley by Belfiore, mozzarella cheese, and basil pesto (contains pine nut)",20200617044719
"***This week we are offering partially baked pizzas to finish cooking at home. There are limited vegan, gluten-free friendly, and vegan+gluten-free friendly pizzas available also*** Shiitake mushroom, leek, mozzarella cheese, and sesame-ginger sauce",20200617044719
"***This week we are offering partially baked pizzas to finish cooking at home. There are limited vegan, gluten-free friendly, and vegan+gluten-free friendly pizzas available also*** In celebration of Juneteenth!Okra, tomato, Skyhill Farms goat cheese, mozzarella cheese, garlic olive oil, and cilantro",20200617044719
"***This week we are offering partially baked pizzas to finish cooking at home. There are limited vegan, gluten-free friendly, and vegan+gluten-free friendly pizzas available also*** House made smoky tomato sauce and mozzarella cheese garnished with arugula dressed in lemon vinaigrette",20200617044719
"***This week we are offering partially baked pizzas to finish cooking at home. There are limited vegan, gluten-free friendly, and vegan+gluten-free friendly pizzas available also***  Cremini mushroom, truffle Pecorino cheese, mozzarella cheese, garlic olive oil, and Italian parsley",20200617044719
